name,debut_year,members,gender,genre,city,region,popularity,image,track_title,track_link,track_cover
Zivert,2017,1,Женский,Поп,Москва,Центральный,12401399,https://upload.wikimedia.org/wikipedia/commons/thumb/e/e5/Zivert_%28%D0%BF%D1%80%D0%B5%D1%81%D1%81-%D0%BF%D0%BE%D0%B4%D1%85%D0%BE%D0%B4%29_%D0%BD%D0%B0_VK_Fest_5_%28cropped%29.jpg/330px-Zivert_%28%D0%BF%D1%80%D0%B5%D1%81%D1%81-%D0%BF%D0%BE%D0%B4%D1%85%D0%BE%D0%B4%29_%D0%BD%D0%B0_VK_Fest_5_%28cropped%29.jpg,Life,https://music.yandex.ru/album/6109461/track/45499814,
ARTIK & ASTI,2011,2,Смешанный,Поп,Киев,Украина,11202787,https://upload.wikimedia.org/wikipedia/commons/thumb/b/be/ARTIK_%26_SEVILLE.jpg/330px-ARTIK_%26_SEVILLE.jpg,Грустный дэнс (feat. Артём Качер),https://music.yandex.ru/search?text=Artik%20%26%20Asti%20Грустный%20дэнс,
Дима Билан,2003,1,Мужской,Поп,Усть-Джегута,Северо-Кавказский,10148471,https://upload.wikimedia.org/wikipedia/commons/thumb/f/f9/%D0%9A%D0%BE%D0%BD%D1%86%D0%B5%D1%80%D1%82_40._%D0%94%D0%B8%D0%BC%D0%B0_%D0%91%D0%B8%D0%BB%D0%B0%D0%BD._%D0%B2_%D0%A1%D0%9F%D0%B1_%2815%29.jpg/330px-%D0%9A%D0%BE%D0%BD%D1%86%D0%B5%D1%80%D1%82_40._%D0%94%D0%B8%D0%BC%D0%B0_%D0%91%D0%B8%D0%BB%D0%B0%D0%BD._%D0%B2_%D0%A1%D0%9F%D0%B1_%2815%29.jpg,Believe (Never Let You Go),https://music.yandex.ru/album/3501250/track/29146052,
SEREBRO,2007,3,Женский,Поп,Москва,Центральный,9280980,https://upload.wikimedia.org/wikipedia/commons/thumb/b/b0/Serebro_%28April_2016%29.jpg/330px-Serebro_%28April_2016%29.jpg,Мама Люба,https://music.yandex.ru/search?text=Serebro%20Мама%20Люба,
Баста,2006,1,Мужской,Рэп/Хип-хоп,Ростов-на-Дону,Южный,9000000,https://upload.wikimedia.org/wikipedia/commons/thumb/d/d3/%D0%91%D0%B0%D1%81%D1%82%D0%B0_%D0%BF%D0%BE%D1%80%D1%82%D1%80%D0%B5%D1%82_%28cropped%29.jpg/330px-%D0%91%D0%B0%D1%81%D1%82%D0%B0_%D0%BF%D0%BE%D1%80%D1%82%D1%80%D0%B5%D1%82_%28cropped%29.jpg,На заре,https://music.yandex.ru/search?text=Баста%20На%20заре,
Руки Вверх!,1996,2,Мужской,Поп,Самара,Приволжский,8750748,https://upload.wikimedia.org/wikipedia/commons/thumb/0/07/%D0%A0%D1%83%D0%BA%D0%B8_%D0%B2%D0%B2%D0%B5%D1%80%D1%85.jpg/330px-%D0%A0%D1%83%D0%BA%D0%B8_%D0%B2%D0%B2%D0%B5%D1%80%D1%85.jpg,Малыш,https://music.yandex.ru/search?text=Руки%20Вверх%20Малыш,
Icegergert,2021,1,Мужской,Рэп/Хип-хоп,Братск,Сибирский,8388228,,Наследство (feat. SKY RAE),https://music.yandex.ru/search?text=Icegergert%20Наследство,
Miyagi & Эндшпиль,2015,2,Мужской,Рэп/Хип-хоп,Владикавказ,Северо-Кавказский,8235786,https://upload.wikimedia.org/wikipedia/commons/thumb/7/7c/MiyaGi_%26_%D0%AD%D0%BD%D0%B4%D1%88%D0%BF%D0%B8%D0%BB%D1%8C_performing_live_in_a_concert_%282016%29.png/330px-MiyaGi_%26_%D0%AD%D0%BD%D0%B4%D1%88%D0%BF%D0%B8%D0%BB%D1%8C_performing_live_in_a_concert_%282016%29.png,I Got Love (feat. Рем Дигга),https://music.yandex.ru/search?text=Miyagi%20Эндшпиль%20I%20Got%20Love,
Jakone,2017,1,Мужской,Рэп/Хип-хоп,Ростов-на-Дону,Южный,8142521,,Асфальт,https://music.yandex.ru/search?text=Jakone%20Асфальт,
Егор Крид,2011,1,Мужской,Поп,Пенза,Приволжский,8110320,https://upload.wikimedia.org/wikipedia/commons/thumb/7/7e/%D0%95%D0%B3%D0%BE%D1%80_%D0%9A%D1%80%D0%B8%D0%B4_%D0%BD%D0%B0_VK_Fest_2025_%D0%B2_%D0%A1%D0%9F%D0%B1.jpg/330px-%D0%95%D0%B3%D0%BE%D1%80_%D0%9A%D1%80%D0%B8%D0%B4_%D0%BD%D0%B0_VK_Fest_2025_%D0%B2_%D0%A1%D0%9F%D0%B1.jpg,Самая самая,https://music.yandex.ru/track/24183545,
BEARWOLF,2023,1,Женский,Электроника,Владивосток,Дальневосточный,8103514,https://upload.wikimedia.org/wikipedia/commons/thumb/e/e9/Bearwolf_%D0%BD%D0%B0_VK_Fest_2025_%D0%B2_%D0%A1%D0%9F%D0%B1.jpg/330px-Bearwolf_%D0%BD%D0%B0_VK_Fest_2025_%D0%B2_%D0%A1%D0%9F%D0%B1.jpg,GODZILLA,https://music.yandex.ru/search?text=BEARWOLF%20GODZILLA,
MACAN,2019,1,Мужской,Рэп/Хип-хоп,Москва,Центральный,8100000,https://upload.wikimedia.org/wikipedia/commons/thumb/3/3d/Macan_in_June_2021.png/330px-Macan_in_June_2021.png,Веселящий газ,https://music.yandex.ru/search?text=Macan%20Веселящий%20газ,
Макс Корж,2012,1,Мужской,Рэп/Хип-хоп,Лунинец,Беларусь,7945625,https://upload.wikimedia.org/wikipedia/commons/thumb/e/e8/Max-Korzh-2018-11-09-0009_cropped.jpg/330px-Max-Korzh-2018-11-09-0009_cropped.jpg,Жить в кайф,https://music.yandex.ru/track/32038184,
ANNA ASTI,2022,1,Женский,Поп,Черкассы,Украина,7597241,https://upload.wikimedia.org/wikipedia/commons/thumb/1/1f/%D0%98%D0%B3%D0%BE%D1%80%D1%8C_%D0%9A%D1%80%D1%83%D1%82%D0%BE%D0%B9_%D0%B8_Anna_Asti_%D0%BD%D0%B0_%D0%A0%D0%9D%D0%9C%D0%9F_-_2025_%28cropped_anna%29.jpg/330px-%D0%98%D0%B3%D0%BE%D1%80%D1%8C_%D0%9A%D1%80%D1%83%D1%82%D0%BE%D0%B9_%D0%B8_Anna_Asti_%D0%BD%D0%B0_%D0%A0%D0%9D%D0%9C%D0%9F_-_2025_%28cropped_anna%29.jpg,Феникс,https://music.yandex.ru/artist/15691816/track/109108947,
GUF,1998,1,Мужской,Рэп/Хип-хоп,Москва,Центральный,7436618,https://upload.wikimedia.org/wikipedia/commons/thumb/1/10/Guf3_%28cropped%29.jpg/330px-Guf3_%28cropped%29.jpg,Сплетни,https://music.yandex.ru/search?text=GUF%20Сплетни,
Григорий Лепс,1995,1,Мужской,Эстрада,Сочи,Южный,7223086,https://upload.wikimedia.org/wikipedia/commons/thumb/8/85/Grigory_Leps_LIVE_2025.jpg/330px-Grigory_Leps_LIVE_2025.jpg,Рюмка водки на столе,https://music.yandex.ru/search?text=Григорий%20Лепс%20Рюмка%20водки%20на%20столе,
Ваня Дмитриенко,2020,1,Мужской,Поп,Красноярск,Сибирский,7212495,https://upload.wikimedia.org/wikipedia/commons/thumb/2/2c/%D0%92%D0%B0%D0%BD%D1%8F_%D0%94%D0%BC%D0%B8%D1%82%D1%80%D0%B8%D0%B5%D0%BD%D0%BA%D0%BE_%D0%BD%D0%B0_VK_Fest_2025_%D0%B2_%D0%A1%D0%9F%D0%B1_%28cropped%29.jpg/330px-%D0%92%D0%B0%D0%BD%D1%8F_%D0%94%D0%BC%D0%B8%D1%82%D1%80%D0%B8%D0%B5%D0%BD%D0%BA%D0%BE_%D0%BD%D0%B0_VK_Fest_2025_%D0%B2_%D0%A1%D0%9F%D0%B1_%28cropped%29.jpg,Венера-Юпитер,https://music.yandex.ru/search?text=Ваня%20Дмитриенко%20Венера-Юпитер,
КИНО,1982,4,Мужской,Рок,Санкт-Петербург,Северо-Западный,7166534,https://upload.wikimedia.org/wikipedia/commons/4/4e/Victor_Tsoi_1986_cropped.jpg,Группа крови,https://music.yandex.ru/search?text=%D0%9A%D0%B8%D0%BD%D0%BE%20%D0%93%D1%80%D1%83%D0%BF%D0%BF%D0%B0%20%D0%9A%D1%80%D0%BE%D0%B2%D0%B8,
Джиган,2007,1,Мужской,Рэп/Хип-хоп,Одесса,Украина,7090174,https://upload.wikimedia.org/wikipedia/commons/thumb/a/a7/%D0%94%D0%B6%D0%B8%D0%B3%D0%B0%D0%BD_%D0%BD%D0%B0_VK_Fest_2025_%D0%B2_%D0%A1%D0%9F%D0%B1.jpg/330px-%D0%94%D0%B6%D0%B8%D0%B3%D0%B0%D0%BD_%D0%BD%D0%B0_VK_Fest_2025_%D0%B2_%D0%A1%D0%9F%D0%B1.jpg,ДНК,https://music.yandex.ru/search?text=Джиган%20ДНК,
JONY,2018,1,Мужской,R&B,Баку,Азербайджан,7080840,https://upload.wikimedia.org/wikipedia/commons/thumb/1/13/%D0%9F%D0%BE%D1%80%D1%82%D1%80%D0%B5%D1%82_Jony.jpg/330px-%D0%9F%D0%BE%D1%80%D1%82%D1%80%D0%B5%D1%82_Jony.jpg,Комета,https://music.yandex.ru/album/8750133,
Мари Краймбрери,2017,1,Женский,Поп,Кривой Рог,Украина,6817457,https://upload.wikimedia.org/wikipedia/commons/thumb/3/33/MK_Banner_2.jpg/330px-MK_Banner_2.jpg,Пряталась в ванной,https://music.yandex.ru/search?text=Мари%20Краймбрери%20Пряталась%20в%20ванной,
Big Baby Tape,2017,1,Мужской,Рэп/Хип-хоп,Москва,Центральный,6807915,https://upload.wikimedia.org/wikipedia/commons/thumb/2/29/Big_Baby_Tape_%D0%BD%D0%B0_Teen_City_Day_%282023.05.27%29_%28cropped%29.jpg/330px-Big_Baby_Tape_%D0%BD%D0%B0_Teen_City_Day_%282023.05.27%29_%28cropped%29.jpg,Gimme The Loot,https://music.yandex.ru/track/45239765,
МакSим,2006,1,Женский,Поп,Казань,Приволжский,6682884,https://upload.wikimedia.org/wikipedia/commons/thumb/a/ad/MakSim_%282024%3B_2%29_%28cropped%29.png/330px-MakSim_%282024%3B_2%29_%28cropped%29.png,Знаешь ли ты,https://music.yandex.ru/search?text=МакSим%20Знаешь%20ли%20ты,
IOWA,2009,4,Смешанный,Поп,Могилёв,Беларусь,6664668,https://upload.wikimedia.org/wikipedia/commons/thumb/5/51/IOWA_%D0%B3%D1%80%D1%83%D0%BF%D0%B0.jpg/330px-IOWA_%D0%B3%D1%80%D1%83%D0%BF%D0%B0.jpg,Улыбайся,https://music.yandex.ru/search?text=IOWA%20Улыбайся,
Ленинград,1999,10,Смешанный,Рок,Санкт-Петербург,Северо-Западный,6617550,https://upload.wikimedia.org/wikipedia/commons/thumb/4/4a/Leningrad_logo_2019.gif/330px-Leningrad_logo_2019.gif,В Питере — пить,https://music.yandex.ru/track/28916414,
Король и Шут,1994,5,Мужской,Панк,Санкт-Петербург,Северо-Западный,6514568,https://upload.wikimedia.org/wikipedia/commons/thumb/a/ac/%D0%9A%D0%BE%D1%80%D0%BE%D0%BB%D1%8C_%D0%B8_%D0%A8%D1%83%D1%82_%D0%BD%D0%B0_%D0%94%D0%BE%D0%B1%D1%80%D0%BE%D1%84%D0%B5%D1%81%D1%82_2011.jpg/330px-%D0%9A%D0%BE%D1%80%D0%BE%D0%BB%D1%8C_%D0%B8_%D0%A8%D1%83%D1%82_%D0%BD%D0%B0_%D0%94%D0%BE%D0%B1%D1%80%D0%BE%D1%84%D0%B5%D1%81%D1%82_2011.jpg,Прыгну со скалы,https://music.yandex.ru/search?text=Король%20и%20Шут%20Прыгну%20со%20скалы,
Люся Чеботина,2016,1,Женский,Поп,Петропавловск-Камчатский,Дальневосточный,6384902,https://upload.wikimedia.org/wikipedia/commons/thumb/d/db/%D0%9B%D1%8E%D1%81%D1%8F_%D0%A7%D0%B5%D0%B1%D0%BE%D1%82%D0%B8%D0%BD%D0%B0_%283%29_%D0%BD%D0%B0_%D0%B3%D1%80%D0%B0%D0%BD%D0%B4-%D1%84%D0%B8%D0%BD%D0%B0%D0%BB%D0%B5_%D0%91%D0%BE%D0%BB%D1%8C%D1%88%D0%B0%D1%8F_%D1%81%D1%86%D0%B5%D0%BD%D0%B0_%282022%29.jpg/330px-%D0%9B%D1%8E%D1%81%D1%8F_%D0%A7%D0%B5%D0%B1%D0%BE%D1%82%D0%B8%D0%BD%D0%B0_%283%29_%D0%BD%D0%B0_%D0%B3%D1%80%D0%B0%D0%BD%D0%B4-%D1%84%D0%B8%D0%BD%D0%B0%D0%BB%D0%B5_%D0%91%D0%BE%D0%BB%D1%8C%D1%88%D0%B0%D1%8F_%D1%81%D1%86%D0%B5%D0%BD%D0%B0_%282022%29.jpg,Солнце Монако,https://music.yandex.ru/search?text=Люся%20Чеботина%20Солнце%20Монако,
Полина Гагарина,2007,1,Женский,Поп,Москва,Центральный,6281467,https://upload.wikimedia.org/wikipedia/commons/thumb/2/29/%D0%9F%D0%BE%D0%BB%D0%B8%D0%BD%D0%B0_%D0%93%D0%B0%D0%B3%D0%B0%D1%80%D0%B8%D0%BD%D0%B0_%D0%BD%D0%B0_%D0%BF%D1%80%D0%B5%D1%81%D1%81%D0%B2%D0%BE%D0%BB%D0%B5_%D0%BD%D0%B0_Big_Love_Show_2018_%D0%B2_%D0%A1%D0%9F%D0%B1_%28cropped%29.jpg/330px-%D0%9F%D0%BE%D0%BB%D0%B8%D0%BD%D0%B0_%D0%93%D0%B0%D0%B3%D0%B0%D1%80%D0%B8%D0%BD%D0%B0_%D0%BD%D0%B0_%D0%BF%D1%80%D0%B5%D1%81%D1%81%D0%B2%D0%BE%D0%BB%D0%B5_%D0%BD%D0%B0_Big_Love_Show_2018_%D0%B2_%D0%A1%D0%9F%D0%B1_%28cropped%29.jpg,Million Voices (Миллион голосов),https://music.yandex.ru/search?text=Полина%20Гагарина%20Million%20Voices,
Скриптонит,2015,1,Мужской,Рэп/Хип-хоп,"Ленинский (Экибастуз), Павлодарская область",Казахстан,5909623,https://upload.wikimedia.org/wikipedia/commons/thumb/d/d7/Scriptonite.jpg/330px-Scriptonite.jpg,Кем ты стал,https://music.yandex.ru/search?text=%D0%A1%D0%BA%D1%80%D0%B8%D0%BF%D1%82%D0%BE%D0%BD%D0%B8%D1%82%20%D0%9A%D0%B5%D0%BC%20%D1%82%D1%8B%20%D1%81%D1%82%D0%B0%D0%BB,
Каспийский Груз,2013,2,Мужской,Рэп/Хип-хоп,Баку,Азербайджан,5581079,,Всё за 1$ (feat. Guf),https://music.yandex.ru/search?text=Каспийский%20Груз%20Все%20за%201,
ВИА Гра,2000,3,Женский,Поп,Киев,Украина,5533887,https://upload.wikimedia.org/wikipedia/commons/thumb/2/24/%D0%93%D1%80%D1%83%D0%BF%D0%BF%D0%B0_%C2%AB%D0%92%D0%98%D0%90_%D0%93%D1%80%D0%B0%C2%BB_%282019%29.jpg/330px-%D0%93%D1%80%D1%83%D0%BF%D0%BF%D0%B0_%C2%AB%D0%92%D0%98%D0%90_%D0%93%D1%80%D0%B0%C2%BB_%282019%29.jpg,Попытка №5,https://music.yandex.ru/search?text=ВИА%20Гра%20Попытка%205,
Михаил Круг,1989,1,Мужской,Шансон,Тверь (Калинин),Центральный,5493811,https://upload.wikimedia.org/wikipedia/ru/thumb/a/a9/Michail_krug.jpg/330px-Michail_krug.jpg,Владимирский централ,https://music.yandex.ru/search?text=Михаил%20Круг%20Владимирский%20централ,
MORGENSHTERN,2018,1,Мужской,Рэп/Хип-хоп,Уфа,Приволжский,5410693,https://upload.wikimedia.org/wikipedia/commons/thumb/3/30/%D0%90%D0%BB%D0%B8%D1%88%D0%B5%D1%80_%D0%9C%D0%BE%D1%80%D0%B3%D0%B5%D0%BD%D1%88%D1%82%D0%B5%D1%80%D0%BD_%28cropped%29.jpg/330px-%D0%90%D0%BB%D0%B8%D1%88%D0%B5%D1%80_%D0%9C%D0%BE%D1%80%D0%B3%D0%B5%D0%BD%D1%88%D1%82%D0%B5%D1%80%D0%BD_%28cropped%29.jpg,Cadillac,https://music.yandex.ru/search?text=MORGENSHTERN%20Cadillac,
Тимати,2006,1,Мужской,R&B,Москва,Центральный,5362063,https://upload.wikimedia.org/wikipedia/commons/thumb/6/63/%D0%A2%D0%B8%D0%BC%D0%B0%D1%82%D0%B8_%D0%BD%D0%B0_Big_Love_Show_2018_%D0%B2_%D0%A1%D0%9F%D0%B1_.jpg/330px-%D0%A2%D0%B8%D0%BC%D0%B0%D1%82%D0%B8_%D0%BD%D0%B0_Big_Love_Show_2018_%D0%B2_%D0%A1%D0%9F%D0%B1_.jpg,Welcome to St. Tropez,https://music.yandex.ru/search?text=Тимати%20Welcome%20to%20St.%20Tropez,
DJ SMASH,1996,1,Мужской,Электроника,Пермь,Приволжский,5321566,https://upload.wikimedia.org/wikipedia/commons/thumb/b/b3/The_opening_of_the_Confederations_Cup_2017_%284%29_%28cropped%29.jpg/330px-The_opening_of_the_Confederations_Cup_2017_%284%29_%28cropped%29.jpg,Moscow Never Sleeps,https://music.yandex.ru/search?text=DJ%20SMASH%20Moscow%20Never%20Sleeps,
Три дня дождя,2019,4,Мужской,Рок,Кызыл,Сибирский,5187604,https://upload.wikimedia.org/wikipedia/commons/thumb/5/54/%D0%A2%D1%80%D0%B8_%D0%B4%D0%BD%D1%8F_%D0%B4%D0%BE%D0%B6%D0%B4%D1%8F_%D0%BD%D0%B0_VK_Fest_2025_%D0%B2_%D0%A1%D0%9F%D0%B1.jpg/330px-%D0%A2%D1%80%D0%B8_%D0%B4%D0%BD%D1%8F_%D0%B4%D0%BE%D0%B6%D0%B4%D1%8F_%D0%BD%D0%B0_VK_Fest_2025_%D0%B2_%D0%A1%D0%9F%D0%B1.jpg,Демоны,https://music.yandex.ru/search?text=Три%20дня%20дождя%20Демоны,
Nautilus Pompilius,1983,6,Мужской,Рок,Свердловск (ныне Екатеринбург),Уральский,5187309,https://upload.wikimedia.org/wikipedia/commons/thumb/a/a7/Nau_80.jpg/330px-Nau_80.jpg,Скованные одной цепью,https://music.yandex.ru/search?text=Nautilus%20Pompilius%20Скованные%20одной%20цепью,
Би-2,1998,6,Мужской,Рок,Бобруйск,Беларусь,5181722,https://upload.wikimedia.org/wikipedia/commons/thumb/8/83/B2band_chartova_nazipov_2018.jpg/330px-B2band_chartova_nazipov_2018.jpg,Полковнику никто не пишет,https://music.yandex.ru/search?text=Би-2%20Полковнику%20никто%20не%20пишет,
Любэ,1989,8,Мужской,Рок,Люберцы,Центральный,5091000,https://upload.wikimedia.org/wikipedia/commons/thumb/2/2a/%D0%93%D1%80%D1%83%D0%BF%D0%BF%D0%B0_%D0%9B%D1%8E%D0%B1%D1%8D.jpg/330px-%D0%93%D1%80%D1%83%D0%BF%D0%BF%D0%B0_%D0%9B%D1%8E%D0%B1%D1%8D.jpg,Конь,https://music.yandex.ru/album/219826/track/2215069,
Нюша,2009,1,Женский,Поп,Москва,Центральный,5066109,https://upload.wikimedia.org/wikipedia/commons/thumb/9/93/AFjzdUAof6U.jpg/330px-AFjzdUAof6U.jpg,Выбирать чудо,https://music.yandex.ru/search?text=%D0%9D%D1%8E%D1%88%D0%B0%20%D0%92%D1%8B%D0%B1%D0%B8%D1%80%D0%B0%D1%82%D1%8C%20%D1%87%D1%83%D0%B4%D0%BE,
Сплин,1994,5,Мужской,Рок,Санкт-Петербург,Северо-Западный,5028748,https://upload.wikimedia.org/wikipedia/commons/thumb/e/ea/Splean-2010-07-30.jpg/330px-Splean-2010-07-30.jpg,Моё сердце,https://music.yandex.ru/search?text=Сплин%20Моё%20сердце,
Ёлка,2004,1,Женский,Поп,Ужгород,Украина,4972082,https://upload.wikimedia.org/wikipedia/commons/thumb/f/f5/Yolka_2026.jpg/330px-Yolka_2026.jpg,Прованс,https://music.yandex.ru/track/3181160/album/336848,
Сектор Газа,1989,5,Мужской,Панк,Воронеж,Центральный,4935854,https://upload.wikimedia.org/wikipedia/ru/thumb/1/18/%D0%A1%D0%B5%D0%BA%D1%82%D0%BE%D1%80_%D0%B3%D0%B0%D0%B7%D0%B0_1996.jpg/330px-%D0%A1%D0%B5%D0%BA%D1%82%D0%BE%D1%80_%D0%B3%D0%B0%D0%B7%D0%B0_1996.jpg,Туман,https://music.yandex.ru/search?text=Сектор%20Газа%20Туман,
Валерий Меладзе,1994,1,Мужской,Эстрада,Батуми,Грузия,4674567,https://upload.wikimedia.org/wikipedia/commons/thumb/e/e1/Valeriy_Meladze_photoshooting_at_Laima_Rendez_Vous_Jurmala_2017.jpg/330px-Valeriy_Meladze_photoshooting_at_Laima_Rendez_Vous_Jurmala_2017.jpg,"Салют, Вера",https://music.yandex.ru/artist/41174/tracks,
Город 312,2005,5,Смешанный,Рок,Бишкек,Кыргызстан,4608538,,Останусь,https://music.yandex.ru/track/1490917,
Клава Кока,2015,1,Женский,Поп,Екатеринбург,Уральский,4548190,https://upload.wikimedia.org/wikipedia/commons/thumb/1/17/%D0%9A%D0%BB%D0%B0%D0%B2%D0%B0_%D0%9A%D0%BE%D0%BA%D0%B0_%D0%BD%D0%B0_VK_Fest_2025_%D0%B2_%D0%A1%D0%9F%D0%B1.jpg/330px-%D0%9A%D0%BB%D0%B0%D0%B2%D0%B0_%D0%9A%D0%BE%D0%BA%D0%B0_%D0%BD%D0%B0_VK_Fest_2025_%D0%B2_%D0%A1%D0%9F%D0%B1.jpg,Краш (feat. Niletto),https://music.yandex.ru/search?text=Клава%20Кока%20Краш,
Агата Кристи,1988,4,Мужской,Рок,Свердловск (Екатеринбург),Уральский,4469964,https://upload.wikimedia.org/wikipedia/ru/6/69/%D0%A1%D0%BE%D1%81%D1%82%D0%B0%D0%B2_%D0%B3%D1%80%D1%83%D0%BF%D0%BF%D1%8B_%D0%90%D0%B3%D0%B0%D1%82%D0%B0_%D0%9A%D1%80%D0%B8%D1%81%D1%82%D0%B8_%D0%B2_1990-2001_%D0%B3%D0%B3.jpg,Как на войне,https://music.yandex.ru/search?text=Агата%20Кристи%20Как%20на%20войне,
ЛСП,2007,1,Мужской,Рэп/Хип-хоп,Витебск,Беларусь,4466271,https://upload.wikimedia.org/wikipedia/commons/thumb/7/74/%D0%9B%D0%A1%D0%9F_%D0%BD%D0%B0_%D1%84%D0%B5%D1%81%D1%82%D0%B8%D0%B2%D0%B0%D0%BB%D0%B5_%D0%9C%D0%B0%D1%8F%D1%82%D0%BD%D0%B8%D0%BA_%D0%A4%D1%83%D0%BA%D0%BE_%D0%B2_%D0%A1%D0%9F%D0%B1_%2807.09.2019%29_%281%29.jpg/330px-%D0%9B%D0%A1%D0%9F_%D0%BD%D0%B0_%D1%84%D0%B5%D1%81%D1%82%D0%B8%D0%B2%D0%B0%D0%BB%D0%B5_%D0%9C%D0%B0%D1%8F%D1%82%D0%BD%D0%B8%D0%BA_%D0%A4%D1%83%D0%BA%D0%BE_%D0%B2_%D0%A1%D0%9F%D0%B1_%2807.09.2019%29_%281%29.jpg,Монетка,https://music.yandex.ru/search?text=%D0%9B%D0%A1%D0%9F%20%D0%9C%D0%BE%D0%BD%D0%B5%D1%82%D0%BA%D0%B0,
Dabro,2013,2,Мужской,Поп,Курахово (родной город) / Казань (место формирования группы),Приволжский,4462299,https://upload.wikimedia.org/wikipedia/commons/thumb/2/29/Dabro_%28Feb_2023%29.png/330px-Dabro_%28Feb_2023%29.png,Юность,https://music.yandex.ru/album/10692414/track/65851540,
Мумий Тролль,1983,4,Мужской,Рок,Владивосток,Дальневосточный,4439923,https://upload.wikimedia.org/wikipedia/commons/thumb/8/85/Mumiy_Troll_2013.jpg/330px-Mumiy_Troll_2013.jpg,Утекай,https://music.yandex.ru/search?text=Мумий%20Тролль%20Утекай,
Артур Пирожков,2009,1,Мужской,Поп,Донецк,Украина,4363353,https://upload.wikimedia.org/wikipedia/commons/thumb/2/25/%D0%90%D1%80%D1%82%D1%83%D1%80_%D0%9F%D0%B8%D1%80%D0%BE%D0%B6%D0%BA%D0%BE%D0%B2_%28%D0%90%D0%BB%D0%B5%D0%BA%D1%81%D0%B0%D0%BD%D0%B4%D1%80_%D0%A0%D0%B5%D0%B2%D0%B2%D0%B0%29_%282%29_%28%D0%91%D0%B5%D0%BB%D1%8B%D0%B5_%D0%BD%D0%BE%D1%87%D0%B8_%D0%A1%D0%B0%D0%BD%D0%BA%D1%82-%D0%9F%D0%B5%D1%82%D0%B5%D1%80%D0%B1%D1%83%D1%80%D0%B3%D0%B0_%E2%80%94_2021._%D0%A5%D0%B8%D1%82_%D0%BD%D0%B0_%D0%B2%D1%81%D0%B5_%D0%B2%D1%80%D0%B5%D0%BC%D0%B5%D0%BD%D0%B0%29.jpg/330px-thumbnail.jpg,Зацепила,https://music.yandex.ru/album/7045776/track/50821247,
REFLEX,1999,1,Женский,Электроника,Москва,Центральный,4304766,https://upload.wikimedia.org/wikipedia/commons/thumb/f/f0/REFLEX_at_the_Golden_Gramophone_award.jpg/330px-REFLEX_at_the_Golden_Gramophone_award.jpg,Сойти с ума,https://music.yandex.ru/search?text=REFLEX%20Сойти%20с%20ума,
Иванушки International,1996,3,Мужской,Поп,Москва,Центральный,4108563,https://upload.wikimedia.org/wikipedia/commons/thumb/9/90/%D0%98%D0%B2%D0%B0%D0%BD%D1%83%D1%88%D0%BA%D0%B8_International_%D0%BD%D0%B0_%D0%BF%D1%80%D0%B5%D0%BC%D0%B8%D0%B8_%D0%9B%D0%B5%D0%B3%D0%B5%D0%BD%D0%B4%D1%8B%D0%A2%D0%B0%D0%B2%D1%80%D0%B8%D0%B4%D1%8B.jpg/330px-%D0%98%D0%B2%D0%B0%D0%BD%D1%83%D1%88%D0%BA%D0%B8_International_%D0%BD%D0%B0_%D0%BF%D1%80%D0%B5%D0%BC%D0%B8%D0%B8_%D0%9B%D0%B5%D0%B3%D0%B5%D0%BD%D0%B4%D1%8B%D0%A2%D0%B0%D0%B2%D1%80%D0%B8%D0%B4%D1%8B.jpg,Тополиный пух,https://music.yandex.ru/search?text=Иванушки%20International%20Тополиный%20пух,
Пошлая Молли,2016,4,Мужской,Панк,Змиёв,Украина,4028794,https://upload.wikimedia.org/wikipedia/commons/thumb/d/d5/%D0%9F%D0%BE%D1%88%D0%BB%D0%B0%D1%8F_%D0%9C%D0%BE%D0%BB%D0%BB%D0%B8_%D0%BD%D0%B0_%D1%84%D0%B5%D1%81%D1%82%D0%B8%D0%B2%D0%B0%D0%BB%D0%B5_%D0%9C%D0%B0%D1%8F%D1%82%D0%BD%D0%B8%D0%BA_%D0%A4%D1%83%D0%BA%D0%BE_%D0%B2_%D0%A1%D0%9F%D0%B1_%2807.09.2019%29_%283%29.jpg/330px-%D0%9F%D0%BE%D1%88%D0%BB%D0%B0%D1%8F_%D0%9C%D0%BE%D0%BB%D0%BB%D0%B8_%D0%BD%D0%B0_%D1%84%D0%B5%D1%81%D1%82%D0%B8%D0%B2%D0%B0%D0%BB%D0%B5_%D0%9C%D0%B0%D1%8F%D1%82%D0%BD%D0%B8%D0%BA_%D0%A4%D1%83%D0%BA%D0%BE_%D0%B2_%D0%A1%D0%9F%D0%B1_%2807.09.2019%29_%283%29.jpg,Любимая песня твоей сестры,https://music.yandex.ru/search?text=%D0%9F%D0%BE%D1%88%D0%BB%D0%B0%D1%8F%20%D0%9C%D0%BE%D0%BB%D0%BB%D0%B8%20%D0%9B%D1%8E%D0%B1%D0%B8%D0%BC%D0%B0%D1%8F%20%D0%BF%D0%B5%D1%81%D0%BD%D1%8F%20%D1%82%D0%B2%D0%BE%D0%B5%D0%B9%20%D1%81%D0%B5%D1%81%D1%82%D1%80%D1%8B,
Филипп Киркоров,1990,1,Мужской,Эстрада,Москва,Центральный,4004122,https://upload.wikimedia.org/wikipedia/commons/thumb/4/40/%D0%A4%D0%B8%D0%BB%D0%B8%D0%BF%D0%BF_%D0%9A%D0%B8%D1%80%D0%BA%D0%BE%D1%80%D0%BE%D0%B2_%D0%BD%D0%B0_10-%D0%B9_%D0%BF%D1%80%D0%B5%D0%BC%D0%B8%D0%B8_%C2%AB%D0%92%D0%B8%D0%BA%D1%82%D0%BE%D1%80%D0%B8%D1%8F%C2%BB_%28cropped%29.jpg/330px-%D0%A4%D0%B8%D0%BB%D0%B8%D0%BF%D0%BF_%D0%9A%D0%B8%D1%80%D0%BA%D0%BE%D1%80%D0%BE%D0%B2_%D0%BD%D0%B0_10-%D0%B9_%D0%BF%D1%80%D0%B5%D0%BC%D0%B8%D0%B8_%C2%AB%D0%92%D0%B8%D0%BA%D1%82%D0%BE%D1%80%D0%B8%D1%8F%C2%BB_%28cropped%29.jpg,Цвет настроения синий,https://music.yandex.ru/search?text=Филипп%20Киркоров%20Цвет%20настроения%20синий,
Ани Лорак,1996,1,Женский,Эстрада,Кицмань,Украина,3931320,https://upload.wikimedia.org/wikipedia/commons/thumb/8/8e/%D0%90%D0%BD%D0%B8_%D0%9B%D0%BE%D1%80%D0%B0%D0%BA_%28%D0%91%D0%B5%D0%BB%D1%8B%D0%B5_%D0%BD%D0%BE%D1%87%D0%B8_%D0%A1%D0%B0%D0%BD%D0%BA%D1%82-%D0%9F%D0%B5%D1%82%D0%B5%D1%80%D0%B1%D1%83%D1%80%D0%B3%D0%B0_%E2%80%94_2021._%D0%93%D1%80%D0%B8%D0%B3%D0%BE%D1%80%D0%B8%D0%B9_%D0%9B%D0%B5%D0%BF%D1%81_%D1%81%D0%BE%D0%B1%D0%B8%D1%80%D0%B0%D0%B5%D1%82_%D0%B4%D1%80%D1%83%D0%B7%D0%B5%D0%B9%29.jpg/330px-%D0%90%D0%BD%D0%B8_%D0%9B%D0%BE%D1%80%D0%B0%D0%BA_%28%D0%91%D0%B5%D0%BB%D1%8B%D0%B5_%D0%BD%D0%BE%D1%87%D0%B8_%D0%A1%D0%B0%D0%BD%D0%BA%D1%82-%D0%9F%D0%B5%D1%82%D0%B5%D1%80%D0%B1%D1%83%D1%80%D0%B3%D0%B0_%E2%80%94_2021._%D0%93%D1%80%D0%B8%D0%B3%D0%BE%D1%80%D0%B8%D0%B9_%D0%9B%D0%B5%D0%BF%D1%81_%D1%81%D0%BE%D0%B1%D0%B8%D1%80%D0%B0%D0%B5%D1%82_%D0%B4%D1%80%D1%83%D0%B7%D0%B5%D0%B9%29.jpg,Зеркала (при участии Григория Лепса),https://music.yandex.ru/search?text=Ани%20Лорак%20Зеркала,
PHARAOH,2013,1,Мужской,Рэп/Хип-хоп,Москва,Центральный,3892230,https://upload.wikimedia.org/wikipedia/commons/thumb/a/a7/Pharaoh_%D0%BD%D0%B0_%D1%84%D0%B5%D1%81%D1%82%D0%B8%D0%B2%D0%B0%D0%BB%D0%B5_%D0%9C%D0%B0%D1%8F%D1%82%D0%BD%D0%B8%D0%BA_%D0%A4%D1%83%D0%BA%D0%BE_%D0%B2_%D0%A1%D0%9F%D0%B1_%2807.09.2019%29_%283%29_%28cropped%29.jpg/330px-Pharaoh_%D0%BD%D0%B0_%D1%84%D0%B5%D1%81%D1%82%D0%B8%D0%B2%D0%B0%D0%BB%D0%B5_%D0%9C%D0%B0%D1%8F%D1%82%D0%BD%D0%B8%D0%BA_%D0%A4%D1%83%D0%BA%D0%BE_%D0%B2_%D0%A1%D0%9F%D0%B1_%2807.09.2019%29_%283%29_%28cropped%29.jpg,Black Siemens,https://music.yandex.ru/search?text=PHARAOH%20Black%20Siemens,
Танцы Минус,1997,5,Мужской,Рок,Санкт-Петербург,Северо-Западный,3726006,https://upload.wikimedia.org/wikipedia/commons/thumb/e/e0/Rally-concert_in_support_of_Alexey_Navalny_2013-09-06_4303_Tantsy_Minus.jpg/330px-Rally-concert_in_support_of_Alexey_Navalny_2013-09-06_4303_Tantsy_Minus.jpg,Если,https://music.yandex.ru/album/10464/track/110757,
Стас Михайлов,1997,1,Мужской,Эстрада,Сочи,Южный,3723160,https://upload.wikimedia.org/wikipedia/commons/thumb/1/18/Stas_Mihaylov_and_Vladimir_Putin_%28cropped%29.jpg/330px-Stas_Mihaylov_and_Vladimir_Putin_%28cropped%29.jpg,Между небом и землёй,https://music.yandex.ru/search?text=Стас%20Михайлов%20Между%20небом%20и%20землёй,
Ирина Круг,2004,1,Женский,Шансон,Челябинск,Уральский,3708096,https://upload.wikimedia.org/wikipedia/commons/thumb/0/0a/Irina_Krug.png/330px-Irina_Krug.png,Осеннее кафе,https://music.yandex.ru/search?text=Ирина%20Круг%20Осеннее%20кафе,
Алла Пугачёва,1975,1,Женский,Эстрада,Москва,Центральный,3651516,https://upload.wikimedia.org/wikipedia/commons/thumb/6/66/%D0%90%D0%BB%D0%BB%D0%B0_%D0%9F%D1%83%D0%B3%D0%B0%D1%87%D0%B5%D0%B2%D0%B0_%D0%BD%D0%B0_%D1%84%D0%B5%D1%81%D1%82%D0%B8%D0%B2%D0%B0%D0%BB%D0%B5_%D0%A1%D0%BB%D0%BE%D0%B2%D0%BE_%D0%9D%D0%BE%D0%B2%D0%BE_%28cropped%29.jpg/330px-%D0%90%D0%BB%D0%BB%D0%B0_%D0%9F%D1%83%D0%B3%D0%B0%D1%87%D0%B5%D0%B2%D0%B0_%D0%BD%D0%B0_%D1%84%D0%B5%D1%81%D1%82%D0%B8%D0%B2%D0%B0%D0%BB%D0%B5_%D0%A1%D0%BB%D0%BE%D0%B2%D0%BE_%D0%9D%D0%BE%D0%B2%D0%BE_%28cropped%29.jpg,Миллион алых роз,https://music.yandex.ru/search?text=Алла%20Пугачёва%20Миллион%20алых%20роз,
Uma2rman,2004,5,Мужской,Рок,Нижний Новгород,Приволжский,3643602,https://upload.wikimedia.org/wikipedia/commons/thumb/a/ad/Gruppa_Uma2rmaH_IMG_7127-1_by_Alexey_Nikishin.jpg/330px-Gruppa_Uma2rmaH_IMG_7127-1_by_Alexey_Nikishin.jpg,Прасковья,https://music.yandex.ru/search?text=Uma2rman%20Прасковья,
Земфира,1999,1,Женский,Рок,Уфа,Приволжский,3538873,https://upload.wikimedia.org/wikipedia/commons/thumb/a/ac/%D0%97%D0%B5%D0%BC%D1%84%D0%B8%D1%80%D0%B0_%D0%BD%D0%B0_%D0%B2%D1%8B%D1%81%D1%82%D1%83%D0%BF%D0%BB%D0%B5%D0%BD%D0%B8%D0%B8_1_%D0%B0%D0%BF%D1%80%D0%B5%D0%BB%D1%8F_2016_%D0%B3%D0%BE%D0%B4%D0%B0_%D0%B2_%D0%9E%D0%BB%D0%B8%D0%BC%D0%BF%D0%B8%D0%B9%D1%81%D0%BA%D0%BE%D0%BC.jpg/330px-%D0%97%D0%B5%D0%BC%D1%84%D0%B8%D1%80%D0%B0_%D0%BD%D0%B0_%D0%B2%D1%8B%D1%81%D1%82%D1%83%D0%BF%D0%BB%D0%B5%D0%BD%D0%B8%D0%B8_1_%D0%B0%D0%BF%D1%80%D0%B5%D0%BB%D1%8F_2016_%D0%B3%D0%BE%D0%B4%D0%B0_%D0%B2_%D0%9E%D0%BB%D0%B8%D0%BC%D0%BF%D0%B8%D0%B9%D1%81%D0%BA%D0%BE%D0%BC.jpg,Хочешь,https://music.yandex.ru/search?text=Земфира%20Хочешь,
Каста,2002,4,Мужской,Рэп/Хип-хоп,Ростов-на-Дону,Южный,3500930,https://upload.wikimedia.org/wikipedia/commons/thumb/5/50/1_%D0%9A%D0%B0%D1%81%D1%82%D0%B0_photo_%40katya_mozina_001.jpg/330px-1_%D0%9A%D0%B0%D1%81%D1%82%D0%B0_photo_%40katya_mozina_001.jpg,Вокруг шум,https://music.yandex.ru/track/597196,
Сергей Трофимов,1995,1,Мужской,Шансон,Москва,Центральный,3395633,https://upload.wikimedia.org/wikipedia/commons/8/8e/2012-03-05_%D0%A1%D0%B5%D1%80%D0%B3%D0%B5%D0%B9_%D0%A2%D1%80%D0%BE%D1%84%D0%B8%D0%BC%D0%BE%D0%B2.jpeg,Аристократия помойки,https://music.yandex.ru/search?text=Сергей%20Трофимов%20Аристократия%20помойки,
Любовь Успенская,1985,1,Женский,Шансон,Киев,Украина,3338811,https://upload.wikimedia.org/wikipedia/commons/thumb/d/d5/%D0%A0%D1%83%D1%81%D0%BB%D0%B0%D0%BD_%D0%93%D1%83%D0%BB%D1%8F%D0%BC%D0%BE%D0%B2_%D0%B8_%D0%9B%D1%8E%D0%B1%D0%BE%D0%B2%D1%8C_%D0%A3%D1%81%D0%BF%D0%B5%D0%BD%D1%81%D0%BA%D0%B0%D1%8F_%28cropped%29.jpg/330px-%D0%A0%D1%83%D1%81%D0%BB%D0%B0%D0%BD_%D0%93%D1%83%D0%BB%D1%8F%D0%BC%D0%BE%D0%B2_%D0%B8_%D0%9B%D1%8E%D0%B1%D0%BE%D0%B2%D1%8C_%D0%A3%D1%81%D0%BF%D0%B5%D0%BD%D1%81%D0%BA%D0%B0%D1%8F_%28cropped%29.jpg,Кабриолет,https://music.yandex.ru/search?text=Любовь%20Успенская%20Кабриолет,
Чиж & Co,1994,6,Смешанный,Рок,Санкт-Петербург,Северо-Западный,3221372,https://upload.wikimedia.org/wikipedia/commons/thumb/c/c4/Chizh_%26_Co_in_Kaliningrad_2017-03-18_14-49-25.jpg/330px-Chizh_%26_Co_in_Kaliningrad_2017-03-18_14-49-25.jpg,О любви,https://music.yandex.ru/search?text=%D0%A7%D0%B8%D0%B6%20%26%20Co%20%D0%9E%20%D0%BB%D1%8E%D0%B1%D0%B2%D0%B8,
ДДТ,1980,6,Мужской,Рок,Уфа,Приволжский,3216400,https://upload.wikimedia.org/wikipedia/commons/thumb/1/11/DDT_Caesarea_2012.JPG/330px-DDT_Caesarea_2012.JPG,Осень,https://music.yandex.ru/search?text=%D0%94%D0%94%D0%A2%20%D0%9E%D1%81%D0%B5%D0%BD%D1%8C,
CREAM SODA,2014,3,Смешанный,Электроника,Ярославль,Центральный,3179494,https://upload.wikimedia.org/wikipedia/commons/thumb/2/2f/Cream_Soda%2C_2022.jpg/330px-Cream_Soda%2C_2022.jpg,Никаких больше вечеринок,https://music.yandex.ru/album/7996133/track/54559574,
Ляпис Трубецкой,1989,6,Мужской,Панк,Минск,Беларусь,3168105,https://upload.wikimedia.org/wikipedia/commons/thumb/4/4c/Solidarni_z_Bia%C5%82orusi%C4%85_2014_Warszawa_24.jpg/330px-Solidarni_z_Bia%C5%82orusi%C4%85_2014_Warszawa_24.jpg,Воины света,https://music.yandex.ru/album/3271841/track/27334963,
Ария,1985,6,Мужской,Метал,Москва,Центральный,3150161,https://upload.wikimedia.org/wikipedia/commons/thumb/d/d1/Aria_%28band%29_logo.svg/330px-Aria_%28band%29_logo.svg.png,Улица роз,https://music.yandex.ru/search?text=Ария%20Улица%20роз,
Смысловые Галлюцинации,1996,5,Мужской,Рок,Екатеринбург,Уральский,3104252,https://upload.wikimedia.org/wikipedia/commons/thumb/6/6e/%D0%A1%D0%BC%D1%8B%D1%81%D0%BB%D0%BE%D0%B2%D1%8B%D0%B5_%D0%93%D0%B0%D0%BB%D0%BB%D1%8E%D1%86%D0%B8%D0%BD%D0%B0%D1%86%D0%B8%D0%B8_%D0%9B%D0%BE%D0%B3%D0%BE%D1%82%D0%B8%D0%BF.png/330px-%D0%A1%D0%BC%D1%8B%D1%81%D0%BB%D0%BE%D0%B2%D1%8B%D0%B5_%D0%93%D0%B0%D0%BB%D0%BB%D1%8E%D1%86%D0%B8%D0%BD%D0%B0%D1%86%D0%B8%D0%B8_%D0%9B%D0%BE%D0%B3%D0%BE%D1%82%D0%B8%D0%BF.png,Вечно молодой,https://music.yandex.ru/search?text=%D0%A1%D0%BC%D1%8B%D1%81%D0%BB%D0%BE%D0%B2%D1%8B%D0%B5%20%D0%93%D0%B0%D0%BB%D0%BB%D1%8E%D1%86%D0%B8%D0%BD%D0%B0%D1%86%D0%B8%D0%B8%20%D0%92%D0%B5%D1%87%D0%BD%D0%BE%20%D0%BC%D0%BE%D0%BB%D0%BE%D0%B4%D0%BE%D0%B9,
Ласковый май,1986,3,Мужской,Поп,Оренбург,Приволжский,3090047,,Белые розы,https://music.yandex.ru/search?text=Ласковый%20май%20Белые%20розы,
Олег Газманов,1988,1,Мужской,Эстрада,Гусев,Северо-Западный,2927285,https://upload.wikimedia.org/wikipedia/commons/thumb/6/6d/Urban_Morphogenesis_2019_Fest_09_%28cropped%29.jpg/330px-Urban_Morphogenesis_2019_Fest_09_%28cropped%29.jpg,Эскадрон,https://music.yandex.ru/album/1277949,
Браво,1983,5,Смешанный,Рок,Москва,Центральный,2841222,https://upload.wikimedia.org/wikipedia/commons/thumb/4/48/%D0%91%D1%80%D0%B0%D0%B2%D0%BE.jpg/330px-%D0%91%D1%80%D0%B0%D0%B2%D0%BE.jpg,Этот город,https://music.yandex.ru/search?text=Браво%20Этот%20город,
Boulevard Depo,2009,1,Мужской,Рэп/Хип-хоп,Уфа,Приволжский,2639158,https://upload.wikimedia.org/wikipedia/commons/thumb/3/32/Boulevard_d.jpg/330px-Boulevard_d.jpg,5 минут назад (feat. PHARAOH),https://music.yandex.ru/search?text=Boulevard%20Depo%20PHARAOH%205%20минут%20назад,
Бутырка,2002,7,Мужской,Шансон,Воронеж,Центральный,2603588,https://upload.wikimedia.org/wikipedia/commons/thumb/b/b9/%D0%91%D1%83%D1%82%D1%8B%D1%80%D0%BA%D0%B0_1.jpg/330px-%D0%91%D1%83%D1%82%D1%8B%D1%80%D0%BA%D0%B0_1.jpg,Запахло весной,https://music.yandex.ru/search?text=Бутырка%20Запахло%20весной,
T-killah,2009,1,Мужской,R&B,Москва,Центральный,2579292,https://upload.wikimedia.org/wikipedia/commons/thumb/4/43/T-Killah.jpg/330px-T-Killah.jpg,Над землей,https://music.yandex.ru/search?text=T-killah%20Над%20землей,
Михаил Боярский,1972,1,Мужской,Эстрада,Санкт-Петербург,Северо-Западный,2468150,https://upload.wikimedia.org/wikipedia/commons/thumb/b/bc/The_opening_of_the_Confederations_Cup_2017_in_St._Petersburg_10_%28cropped%29.jpg/330px-The_opening_of_the_Confederations_Cup_2017_in_St._Petersburg_10_%28cropped%29.jpg,Зеленоглазое такси,https://music.yandex.ru/search?text=Михаил%20Боярский%20Зеленоглазое%20такси,
Отпетые мошенники,1997,3,Мужской,Поп,Санкт-Петербург,Северо-Западный,2432560,https://upload.wikimedia.org/wikipedia/commons/thumb/c/cc/%D0%9E%D1%82%D0%BF%D0%B5%D1%82%D1%8B%D0%B5_%D0%BC%D0%BE%D1%88%D0%B5%D0%BD%D0%BD%D0%B8%D0%BA%D0%B8.jpg/330px-%D0%9E%D1%82%D0%BF%D0%B5%D1%82%D1%8B%D0%B5_%D0%BC%D0%BE%D1%88%D0%B5%D0%BD%D0%BD%D0%B8%D0%BA%D0%B8.jpg,"Люби меня, люби",https://music.yandex.ru/search?text=Отпетые%20мошенники%20Люби%20меня%2C%20люби,
Порнофильмы,2010,5,Мужской,Панк,Дубна,Центральный,2420525,https://upload.wikimedia.org/wikipedia/commons/thumb/d/da/%D0%9F%D0%BE%D1%80%D0%BD%D0%BE%D1%84%D0%B8%D0%BB%D1%8C%D0%BC%D1%8B_14.10.2018.MP4_snapshot_00.10.06_%282018.12.04_13.33.23%29.jpg/330px-%D0%9F%D0%BE%D1%80%D0%BD%D0%BE%D1%84%D0%B8%D0%BB%D1%8C%D0%BC%D1%8B_14.10.2018.MP4_snapshot_00.10.06_%282018.12.04_13.33.23%29.jpg,Наши имена (совместно с Lumen),https://music.yandex.ru/search?text=Порнофильмы%20Lumen%20Наши%20имена,
Кипелов,2003,5,Мужской,Метал,Москва,Центральный,2360108,https://upload.wikimedia.org/wikipedia/commons/thumb/3/35/%D0%93%D1%80%D1%83%D0%BF%D0%BF%D0%B0_%D0%9A%D0%B8%D0%BF%D0%B5%D0%BB%D0%BE%D0%B2_%D0%B2%D1%8B%D1%85%D0%BE%D0%B4%D0%B8%D1%82_%D0%BD%D0%B0_%D0%BF%D0%BE%D0%BA%D0%BB%D0%BE%D0%BD.jpg/330px-%D0%93%D1%80%D1%83%D0%BF%D0%BF%D0%B0_%D0%9A%D0%B8%D0%BF%D0%B5%D0%BB%D0%BE%D0%B2_%D0%B2%D1%8B%D1%85%D0%BE%D0%B4%D0%B8%D1%82_%D0%BD%D0%B0_%D0%BF%D0%BE%D0%BA%D0%BB%D0%BE%D0%BD.jpg,Я свободен,https://music.yandex.ru/album/63576/track/595258,
АИГЕЛ,2017,2,Смешанный,Электроника,Казань,Приволжский,2144482,https://upload.wikimedia.org/wikipedia/commons/thumb/2/2e/Aigel_logo.svg/330px-Aigel_logo.svg.png,Пыяла,https://music.yandex.ru/album/12747464/track/73439869,
Ольга Бузова,2011,1,Женский,Поп,Санкт-Петербург,Северо-Западный,2070225,https://upload.wikimedia.org/wikipedia/commons/thumb/7/79/Olga_Buzova_%28Feb_2024%29.png/330px-Olga_Buzova_%28Feb_2024%29.png,Под звуки поцелуев,https://music.yandex.ru/search?text=Ольга%20Бузова%20Под%20звуки%20поцелуев,
DONI,2014,1,Мужской,R&B,Ташкент,Узбекистан,1990663,,Ты такой (feat. Натали),https://music.yandex.ru/search?text=DONI%20Ты%20такой%20Натали,
Ирина Аллегрова,1992,1,Женский,Эстрада,Ростов-на-Дону,Южный,1866223,https://upload.wikimedia.org/wikipedia/commons/thumb/7/79/Irina_Allegrova.jpeg/330px-Irina_Allegrova.jpeg,Угонщица,https://music.yandex.ru/search?text=Ирина%20Аллегрова%20Угонщица,
Михаил Шуфутинский,1982,1,Мужской,Шансон,Москва,Центральный,1759630,https://upload.wikimedia.org/wikipedia/commons/thumb/d/d4/%D0%9C%D0%B8%D1%85%D0%B0%D0%B8%D0%BB_%D0%A8%D1%83%D1%84%D1%83%D1%82%D0%B8%D0%BD%D1%81%D0%BA%D0%B8%D0%B9_%2803-09-2021%29_%28cropped%29.png/330px-%D0%9C%D0%B8%D1%85%D0%B0%D0%B8%D0%BB_%D0%A8%D1%83%D1%84%D1%83%D1%82%D0%B8%D0%BD%D1%81%D0%BA%D0%B8%D0%B9_%2803-09-2021%29_%28cropped%29.png,Третье сентября,https://music.yandex.ru/search?text=Михаил%20Шуфутинский%20Третье%20сентября,
Пикник,1982,5,Мужской,Рок,Санкт-Петербург,Северо-Западный,1715478,https://upload.wikimedia.org/wikipedia/commons/thumb/8/83/Piknik_in_Ramenskoye_2022_%286%29.jpg/330px-Piknik_in_Ramenskoye_2022_%286%29.jpg,Иероглиф,https://music.yandex.ru/search?text=Пикник%20Иероглиф,
Oxxxymiron,2008,1,Мужской,Рэп/Хип-хоп,Санкт-Петербург,Северо-Западный,1707201,https://upload.wikimedia.org/wikipedia/commons/thumb/a/a9/Oxxxymiron_RAW_Berlin_asv2022-04_img14_%28cropped%29.jpg/330px-Oxxxymiron_RAW_Berlin_asv2022-04_img14_%28cropped%29.jpg,Город под подошвой,https://music.yandex.ru/search?text=Oxxxymiron%20Город%20под%20подошвой,
Little Big,2013,2,Смешанный,Электроника,Санкт-Петербург,Северо-Западный,1658158,https://upload.wikimedia.org/wikipedia/commons/thumb/2/26/Logo_Little_Big.svg/330px-Logo_Little_Big.svg.png,Skibidi,https://music.yandex.ru/album/5826496/track/43716999,
Алиса,1985,6,Мужской,Рок,Санкт-Петербург,Северо-Западный,1607042,https://upload.wikimedia.org/wikipedia/commons/thumb/8/84/Alisa_autographs1.jpg/330px-Alisa_autographs1.jpg,Красное на чёрном,https://music.yandex.ru/search?text=Алиса%20Красное%20на%20чёрном,
Владимир Высоцкий,1968,1,Мужской,Авторская песня,Москва,Центральный,1601017,https://upload.wikimedia.org/wikipedia/commons/thumb/7/77/%D0%92%D0%BB%D0%B0%D0%B4%D0%B8%D0%BC%D0%B8%D1%80_%D0%92%D1%8B%D1%81%D0%BE%D1%86%D0%BA%D0%B8%D0%B9_-_%D0%BF%D0%BE%D1%80%D1%82%D1%80%D0%B5%D1%82_%28cropped%29.jpg/330px-%D0%92%D0%BB%D0%B0%D0%B4%D0%B8%D0%BC%D0%B8%D1%80_%D0%92%D1%8B%D1%81%D0%BE%D1%86%D0%BA%D0%B8%D0%B9_-_%D0%BF%D0%BE%D1%80%D1%82%D1%80%D0%B5%D1%82_%28cropped%29.jpg,Кони привередливые,https://music.yandex.ru/track/366730,
Kristina Si,2010,1,Женский,R&B,Тула,Центральный,1583138,https://upload.wikimedia.org/wikipedia/commons/thumb/5/58/Kristina_Si_%D0%BD%D0%B0_Europa_Plus_TV._Hit_Non_Stop_%D0%B2_%D0%92%D0%B8%D1%82%D0%B5%D0%B1%D1%81%D0%BA%D0%B5_2016_%28cropped%29.jpg/330px-Kristina_Si_%D0%BD%D0%B0_Europa_Plus_TV._Hit_Non_Stop_%D0%B2_%D0%92%D0%B8%D1%82%D0%B5%D0%B1%D1%81%D0%BA%D0%B5_2016_%28cropped%29.jpg,Хочу,https://music.yandex.ru/album/3240691,
Гарик Сукачёв,1986,1,Мужской,Рок,Москва,Центральный,1532489,https://upload.wikimedia.org/wikipedia/commons/thumb/4/4e/%D0%93%D0%B0%D1%80%D0%B8%D0%BA_%D0%A1%D1%83%D0%BA%D0%B0%D1%87%D1%91%D0%B2_%D0%BD%D0%B0_%D0%BA%D0%BE%D0%BD%D1%86%D0%B5%D1%80%D1%82%D0%B5_%D0%B2_%D0%94%D0%BE%D0%BD%D0%B5%D1%86%D0%BA%D0%B5_6_%D0%B8%D1%8E%D0%BD%D1%8F_2010_%D0%B3%D0%BE%D0%B4%D0%B0_009.JPG/330px-%D0%93%D0%B0%D1%80%D0%B8%D0%BA_%D0%A1%D1%83%D0%BA%D0%B0%D1%87%D1%91%D0%B2_%D0%BD%D0%B0_%D0%BA%D0%BE%D0%BD%D1%86%D0%B5%D1%80%D1%82%D0%B5_%D0%B2_%D0%94%D0%BE%D0%BD%D0%B5%D1%86%D0%BA%D0%B5_6_%D0%B8%D1%8E%D0%BD%D1%8F_2010_%D0%B3%D0%BE%D0%B4%D0%B0_009.JPG,Моя бабушка курит трубку,https://music.yandex.ru/search?text=Гарик%20Сукачёв%20Моя%20бабушка%20курит%20трубку,
Николай Басков,2000,1,Мужской,Эстрада,Москва,Центральный,1473887,https://upload.wikimedia.org/wikipedia/commons/thumb/d/d1/%D0%9D%D0%B8%D0%BA%D0%BE%D0%BB%D0%B0%D0%B9_%D0%91%D0%B0%D1%81%D0%BA%D0%BE%D0%B2_%28%D0%91%D0%B5%D0%BB%D1%8B%D0%B5_%D0%BD%D0%BE%D1%87%D0%B8_%D0%A1%D0%B0%D0%BD%D0%BA%D1%82-%D0%9F%D0%B5%D1%82%D0%B5%D1%80%D0%B1%D1%83%D1%80%D0%B3%D0%B0_%E2%80%94_2021._%D0%93%D1%80%D0%B8%D0%B3%D0%BE%D1%80%D0%B8%D0%B9_%D0%9B%D0%B5%D0%BF%D1%81_%D1%81%D0%BE%D0%B1%D0%B8%D1%80%D0%B0%D0%B5%D1%82_%D0%B4%D1%80%D1%83%D0%B7%D0%B5%D0%B9%29_%28cropped%29.jpg/330px-thumbnail.jpg,Памяти Карузо,https://music.yandex.ru/search?text=Николай%20Басков%20Памяти%20Карузо,
Игорь Николаев,1986,1,Мужской,Эстрада,Холмск,Дальневосточный,1458352,https://upload.wikimedia.org/wikipedia/commons/thumb/0/0d/Igor_Nikolaev_.jpg/330px-Igor_Nikolaev_.jpg,Выпьем за любовь,https://music.yandex.ru/album/62959/track/590840,
Децл,2000,1,Мужской,Рэп/Хип-хоп,Москва,Центральный,1403866,https://upload.wikimedia.org/wikipedia/commons/thumb/f/f7/%D0%94%D0%B5%D1%86%D0%BB_%28%D0%9A%D0%B8%D1%80%D0%B8%D0%BB%D0%BB_%D0%A2%D0%BE%D0%BB%D0%BC%D0%B0%D1%86%D0%BA%D0%B8%D0%B9%29_%28cropped%29.jpg/330px-%D0%94%D0%B5%D1%86%D0%BB_%28%D0%9A%D0%B8%D1%80%D0%B8%D0%BB%D0%BB_%D0%A2%D0%BE%D0%BB%D0%BC%D0%B0%D1%86%D0%BA%D0%B8%D0%B9%29_%28cropped%29.jpg,Вечеринка у ДеЦла,https://music.yandex.ru/album/1952335/track/17662205,
София Ротару,1972,1,Женский,Эстрада,"село Маршинцы, Черновицкая область",Украина,1364685,https://upload.wikimedia.org/wikipedia/commons/thumb/e/e4/%D0%A1%D0%BE%D1%84%D1%96%D1%8F_%D0%A0%D0%BE%D1%82%D0%B0%D1%80%D1%83_%28cropped%29.jpg/330px-%D0%A1%D0%BE%D1%84%D1%96%D1%8F_%D0%A0%D0%BE%D1%82%D0%B0%D1%80%D1%83_%28cropped%29.jpg,Червона рута,https://music.yandex.ru/search?text=%D0%A1%D0%BE%D1%84%D0%B8%D1%8F%20%D0%A0%D0%BE%D1%82%D0%B0%D1%80%D1%83%20%D0%A7%D0%B5%D1%80%D0%B2%D0%BE%D0%BD%D0%B0%20%D1%80%D1%83%D1%82%D0%B0,
Александр Розенбаум,1981,1,Мужской,Шансон,Санкт-Петербург,Северо-Западный,1253609,https://upload.wikimedia.org/wikipedia/commons/thumb/e/e6/Alexander_Rosenbaum_%282022-05-27%29_01.jpg/330px-Alexander_Rosenbaum_%282022-05-27%29_01.jpg,Вальс-бостон,https://music.yandex.ru/search?text=Александр%20Розенбаум%20Вальс-бостон,
Дельфин,1997,1,Мужской,Инди,Москва,Центральный,1229071,https://upload.wikimedia.org/wikipedia/commons/thumb/e/e2/%D0%94%D0%B5%D0%BB%D1%8C%D1%84%D0%B8%D0%BD_Dolphin_crop.jpg/330px-%D0%94%D0%B5%D0%BB%D1%8C%D1%84%D0%B8%D0%BD_Dolphin_crop.jpg,Весна,https://music.yandex.ru/search?text=Дельфин%20Весна,
Lumen,1998,4,Мужской,Рок,Уфа,Приволжский,1125596,https://upload.wikimedia.org/wikipedia/commons/thumb/7/70/2013-12-13._Lumen_%D0%B2_%D0%94%D0%BE%D0%BD%D0%B5%D1%86%D0%BA%D0%B5_155.jpg/330px-2013-12-13._Lumen_%D0%B2_%D0%94%D0%BE%D0%BD%D0%B5%D1%86%D0%BA%D0%B5_155.jpg,Сид и Нэнси,https://music.yandex.ru/search?text=Lumen%20Сид%20и%20Нэнси,
АукцЫон,1986,8,Мужской,Рок,Санкт-Петербург,Северо-Западный,1120770,https://upload.wikimedia.org/wikipedia/commons/thumb/b/b6/Auctyon_Concert_2009_July_SPb_01.JPG/330px-Auctyon_Concert_2009_July_SPb_01.JPG,Дорога,https://music.yandex.ru/track/2781646,
Найк Борзов,1992,1,Мужской,Инди,Видное,Центральный,1075463,https://upload.wikimedia.org/wikipedia/commons/thumb/6/67/IGP4830_%D0%BD%D0%B0%D0%B9%D0%BA_%D0%B1%D0%BE%D1%80%D0%B7%D0%BE%D0%B2_%2814485245615%29.jpg/330px-IGP4830_%D0%BD%D0%B0%D0%B9%D0%BA_%D0%B1%D0%BE%D1%80%D0%B7%D0%BE%D0%B2_%2814485245615%29.jpg,Лошадка,https://music.yandex.ru/album/10527,
Валерия,1992,1,Женский,Поп,Аткарск,Приволжский,1075158,https://upload.wikimedia.org/wikipedia/commons/thumb/4/45/Valeriya_6016.jpg/330px-Valeriya_6016.jpg,Часики,https://music.yandex.ru/album/950939/track/27211503,
СЛОТ,2003,5,Смешанный,Метал,Москва,Центральный,1014674,https://upload.wikimedia.org/wikipedia/commons/thumb/d/d7/%D0%93%D1%80%D1%83%D0%BF%D0%BF%D0%B0_%D0%A1%D0%BB%D0%BE%D1%82_2018.jpg/330px-%D0%93%D1%80%D1%83%D0%BF%D0%BF%D0%B0_%D0%A1%D0%BB%D0%BE%D1%82_2018.jpg,Ангел или демон,https://music.yandex.ru/search?text=%D0%A1%D0%9B%D0%9E%D0%A2%20%D0%90%D0%BD%D0%B3%D0%B5%D0%BB%20%D0%B8%D0%BB%D0%B8%20%D0%B4%D0%B5%D0%BC%D0%BE%D0%BD,
Красная плесень,1991,3,Мужской,Панк,Ялта,Южный,1012695,https://upload.wikimedia.org/wikipedia/commons/thumb/a/ab/%D0%9A%D1%80%D0%B0%D1%81%D0%BD%D0%B0%D1%8F_%D0%9F%D0%BB%D0%B5%D1%81%D0%B5%D0%BD%D1%8C%2C_%D0%A1%D0%9F%D0%91%2C_%D0%9B%D0%B0%D1%81%D1%82%D0%BE%D1%87%D0%BA%D0%B0%2C_06-01-2023.jpg/330px-%D0%9A%D1%80%D0%B0%D1%81%D0%BD%D0%B0%D1%8F_%D0%9F%D0%BB%D0%B5%D1%81%D0%B5%D0%BD%D1%8C%2C_%D0%A1%D0%9F%D0%91%2C_%D0%9B%D0%B0%D1%81%D1%82%D0%BE%D1%87%D0%BA%D0%B0%2C_06-01-2023.jpg,"Слева молот, справа серп",https://music.yandex.ru/search?text=Красная%20плесень%20Слева%20молот%20справа%20серп,
Паша Техник,2002,1,Мужской,Рэп/Хип-хоп,Москва,Центральный,966105,https://upload.wikimedia.org/wikipedia/commons/thumb/2/27/Pasha_Tehni_2019_%28edited%29.jpg/330px-Pasha_Tehni_2019_%28edited%29.jpg,Демоны,https://music.yandex.ru/search?text=Паша%20Техник%20Демоны,
Верка Сердючка,1997,1,Женский,Поп,Полтава,Украина,949659,https://upload.wikimedia.org/wikipedia/commons/thumb/1/1d/%D0%92%D1%94%D1%80%D0%BA%D0%B0_%D0%A1%D0%B5%D1%80%D0%B4%D1%8E%D1%87%D0%BA%D0%B0.jpg/330px-%D0%92%D1%94%D1%80%D0%BA%D0%B0_%D0%A1%D0%B5%D1%80%D0%B4%D1%8E%D1%87%D0%BA%D0%B0.jpg,Dancing Lasha Tumbai,https://music.yandex.ru/search?text=Верка%20Сердючка%20Dancing%20Lasha%20Tumbai,
Тони Раут,2010,1,Мужской,Рэп/Хип-хоп,Санкт-Петербург,Северо-Западный,906908,,300,https://music.yandex.ru/search?text=%D0%A2%D0%BE%D0%BD%D0%B8%20%D0%A0%D0%B0%D1%83%D1%82%20300,
Машина времени,1969,5,Мужской,Рок,Москва,Центральный,901460,https://upload.wikimedia.org/wikipedia/commons/thumb/b/b0/%D0%9C%D0%B0%D1%88%D0%B8%D0%BD%D0%B0%D0%92%D1%80%D0%B5%D0%BC%D0%B5%D0%BD%D0%B82024.jpg/330px-%D0%9C%D0%B0%D1%88%D0%B8%D0%BD%D0%B0%D0%92%D1%80%D0%B5%D0%BC%D0%B5%D0%BD%D0%B82024.jpg,Поворот,https://music.yandex.ru/search?text=Машина%20времени%20Поворот,
Лариса Долина,1985,1,Женский,Джаз,Одесса,Украина,777470,https://upload.wikimedia.org/wikipedia/commons/thumb/a/a4/%D0%9B%D0%B0%D1%80%D0%B8%D1%81%D0%B0_%D0%94%D0%BE%D0%BB%D0%B8%D0%BD%D0%B0_%28%D0%91%D0%B5%D0%BB%D1%8B%D0%B5_%D0%BD%D0%BE%D1%87%D0%B8_%D0%A1%D0%B0%D0%BD%D0%BA%D1%82-%D0%9F%D0%B5%D1%82%D0%B5%D1%80%D0%B1%D1%83%D1%80%D0%B3%D0%B0_-_2024%2C_%D0%B4%D0%B5%D0%BD%D1%8C_2%29_%28cropped%29.jpg/330px-%D0%9B%D0%B0%D1%80%D0%B8%D1%81%D0%B0_%D0%94%D0%BE%D0%BB%D0%B8%D0%BD%D0%B0_%28%D0%91%D0%B5%D0%BB%D1%8B%D0%B5_%D0%BD%D0%BE%D1%87%D0%B8_%D0%A1%D0%B0%D0%BD%D0%BA%D1%82-%D0%9F%D0%B5%D1%82%D0%B5%D1%80%D0%B1%D1%83%D1%80%D0%B3%D0%B0_-_2024%2C_%D0%B4%D0%B5%D0%BD%D1%8C_2%29_%28cropped%29.jpg,Погода в доме,https://music.yandex.ru/search?text=Лариса%20Долина%20Погода%20в%20доме,
Louna,2010,5,Смешанный,Рок,Москва,Центральный,745841,https://upload.wikimedia.org/wikipedia/commons/thumb/a/af/Louna_band.jpg/330px-Louna_band.jpg,Чистый лист,https://music.yandex.ru/search?text=Louna%20Чистый%20лист,
IC3PEAK,2014,2,Смешанный,Электроника,Москва,Центральный,723808,https://upload.wikimedia.org/wikipedia/commons/thumb/2/2a/Ic3peak_logo.png/330px-Ic3peak_logo.png,Смерти больше нет,https://music.yandex.ru/search?text=IC3PEAK%20Смерти%20больше%20нет,
Технология,1990,4,Мужской,Электроника,Москва,Центральный,689572,https://upload.wikimedia.org/wikipedia/commons/5/51/%D0%93%D1%80%D1%83%D0%BF%D0%BF%D0%B0_%D0%A2%D0%B5%D1%85%D0%BD%D0%BE%D0%BB%D0%BE%D0%B3%D0%B8%D1%8F.jpg,Нажми на кнопку,https://music.yandex.ru/track/26524699,
Пелагея,1999,1,Женский,Фолк,Новосибирск,Сибирский,671278,https://upload.wikimedia.org/wikipedia/commons/thumb/8/83/%D0%9A%D0%BE%D0%BD%D1%86%D0%B5%D1%80%D1%82_%D0%9A%D1%80%D0%BE%D0%BA%D1%83%D1%81_%D1%81%D0%B8%D1%82%D0%B8_P0716v.jpg/330px-%D0%9A%D0%BE%D0%BD%D1%86%D0%B5%D1%80%D1%82_%D0%9A%D1%80%D0%BE%D0%BA%D1%83%D1%81_%D1%81%D0%B8%D1%82%D0%B8_P0716v.jpg,"Ой, то не вечер",https://music.yandex.ru/search?text=Пелагея%20Ой%20то%20не%20вечер,
Егор Летов,1990,1,Мужской,Панк,Омск,Сибирский,604008,https://upload.wikimedia.org/wikipedia/commons/thumb/7/7d/Egor_Letov_Nature_%28cropped%29.jpg/330px-Egor_Letov_Nature_%28cropped%29.jpg,Про дурачка,https://music.yandex.ru/search?text=Егор%20Летов%20Про%20дурачка,
Гражданская оборона,1985,4,Мужской,Панк,Омск,Сибирский,583943,https://upload.wikimedia.org/wikipedia/commons/2/2e/Egor_Letov_2000-11-04_Nuernberg.jpg,Всё идёт по плану,https://music.yandex.ru/search?text=Гражданская%20оборона%20Всё%20идёт%20по%20плану,
Линда,1993,1,Женский,Поп,Москва,Центральный,539897,https://upload.wikimedia.org/wikipedia/commons/thumb/e/e7/%D0%9B%D0%B8%D0%BD%D0%B4%D0%B0_%D0%BD%D0%B0_%D0%BA%D0%BE%D0%BD%D1%86%D0%B5%D1%80%D1%82%D0%B5_%D0%B2_%D0%BA%D0%BB%D1%83%D0%B1%D0%B5_%22Red%22.jpg/330px-%D0%9B%D0%B8%D0%BD%D0%B4%D0%B0_%D0%BD%D0%B0_%D0%BA%D0%BE%D0%BD%D1%86%D0%B5%D1%80%D1%82%D0%B5_%D0%B2_%D0%BA%D0%BB%D1%83%D0%B1%D0%B5_%22Red%22.jpg,Ворона,https://music.yandex.ru/search?text=Линда%20Ворона,
Мельница,2003,5,Смешанный,Фолк,Москва,Центральный,518278,https://upload.wikimedia.org/wikipedia/commons/thumb/a/ad/Helavisa4.jpg/330px-Helavisa4.jpg,Ночная кобыла,https://music.yandex.ru/search?text=Мельница%20Ночная%20кобыла,
Пилот,1997,4,Мужской,Рок,Санкт-Петербург,Северо-Западный,514364,https://upload.wikimedia.org/wikipedia/commons/thumb/5/5e/%D0%92%D1%8B%D1%81%D1%82%D1%83%D0%BF%D0%BB%D0%B5%D0%BD%D0%B8%D0%B5_%D0%B3%D1%80%D1%83%D0%BF%D0%BF%D1%8B_%C2%AB%D0%9F%D0%B8%D0%BB%D0%BE%D1%82%C2%BB_%D0%BD%D0%B0_%D1%80%D0%BE%D0%BA-%D1%84%D0%B5%D1%81%D1%82%D0%B8%D0%B2%D0%B0%D0%BB%D0%B5_%C2%AB%D0%9E%D1%81%D1%82%D1%80%D0%BE%D0%B2%C2%BB_%D0%B2_2013_%D0%B3%D0%BE%D0%B4%D1%83.jpg/330px-%D0%92%D1%8B%D1%81%D1%82%D1%83%D0%BF%D0%BB%D0%B5%D0%BD%D0%B8%D0%B5_%D0%B3%D1%80%D1%83%D0%BF%D0%BF%D1%8B_%C2%AB%D0%9F%D0%B8%D0%BB%D0%BE%D1%82%C2%BB_%D0%BD%D0%B0_%D1%80%D0%BE%D0%BA-%D1%84%D0%B5%D1%81%D1%82%D0%B8%D0%B2%D0%B0%D0%BB%D0%B5_%C2%AB%D0%9E%D1%81%D1%82%D1%80%D0%BE%D0%B2%C2%BB_%D0%B2_2013_%D0%B3%D0%BE%D0%B4%D1%83.jpg,Неродина,https://music.yandex.ru/search?text=%D0%9F%D0%B8%D0%BB%D0%BE%D1%82%20%D0%9D%D0%B5%D1%80%D0%BE%D0%B4%D0%B8%D0%BD%D0%B0,
Олег Митяев,1990,1,Мужской,Авторская песня,Челябинск,Уральский,475341,https://upload.wikimedia.org/wikipedia/commons/thumb/1/1e/%D0%9E%D1%84%D0%B8%D1%86%D0%B8%D0%B0%D0%BB%D1%8C%D0%BD%D0%B0%D1%8F_%D1%84%D0%BE%D1%82%D0%BE%D0%B3%D1%80%D0%B0%D1%84%D0%B8%D1%8F.jpg/330px-%D0%9E%D1%84%D0%B8%D1%86%D0%B8%D0%B0%D0%BB%D1%8C%D0%BD%D0%B0%D1%8F_%D1%84%D0%BE%D1%82%D0%BE%D0%B3%D1%80%D0%B0%D1%84%D0%B8%D1%8F.jpg,"Как здорово, что все мы здесь сегодня собрались",https://music.yandex.ru/search?text=Олег%20Митяев%20Как%20здорово%2C%20что%20все%20мы%20здесь%20сегодня%20собрались,
Нейромонах Феофан,2009,1,Мужской,Электроника,Санкт-Петербург,Северо-Западный,459339,https://upload.wikimedia.org/wikipedia/commons/thumb/7/7f/%D0%9D%D0%B5%D0%B9%D1%80%D0%BE%D0%BC%D0%BE%D0%BD%D0%B0%D1%85_%D0%A4%D0%B5%D0%BE%D1%84%D0%B0%D0%BD.jpg/330px-%D0%9D%D0%B5%D0%B9%D1%80%D0%BE%D0%BC%D0%BE%D0%BD%D0%B0%D1%85_%D0%A4%D0%B5%D0%BE%D1%84%D0%B0%D0%BD.jpg,Притоптать,https://music.yandex.ru/album/2807653,
Тараканы!,1992,4,Мужской,Панк,Москва,Центральный,447363,https://upload.wikimedia.org/wikipedia/commons/thumb/4/40/Tarakany%21_Kubana_2012_5.jpg/330px-Tarakany%21_Kubana_2012_5.jpg,Я смотрю на них,https://music.yandex.ru/search?text=Тараканы!%20Я%20смотрю%20на%20них,
Лев Лещенко,1971,1,Мужской,Эстрада,Москва,Центральный,431268,https://upload.wikimedia.org/wikipedia/commons/thumb/7/7d/%D0%9B%D0%B5%D0%B2_%D0%9B%D0%B5%D1%89%D0%B5%D0%BD%D0%BA%D0%BE_%2829-03-2026%29_%28cropped%29.jpg/330px-%D0%9B%D0%B5%D0%B2_%D0%9B%D0%B5%D1%89%D0%B5%D0%BD%D0%BA%D0%BE_%2829-03-2026%29_%28cropped%29.jpg,День Победы,https://music.yandex.ru/search?text=Лев%20Лещенко%20День%20Победы,
Элизиум,1996,6,Мужской,Панк,Нижний Новгород,Приволжский,413408,https://upload.wikimedia.org/wikipedia/commons/thumb/8/8b/%D0%AD%D0%BB%D0%B8%D0%B7%D0%B8%D1%83%D0%BC_07.03.2020_%D0%A1%D0%B0%D0%BC%D0%B0%D1%80%D0%B0.jpg/330px-%D0%AD%D0%BB%D0%B8%D0%B7%D0%B8%D1%83%D0%BC_07.03.2020_%D0%A1%D0%B0%D0%BC%D0%B0%D1%80%D0%B0.jpg,Острова,https://music.yandex.ru/search?text=%D0%AD%D0%BB%D0%B8%D0%B7%D0%B8%D1%83%D0%BC%20%D0%9E%D1%81%D1%82%D1%80%D0%BE%D0%B2%D0%B0,
Big Russian Boss,2013,1,Мужской,Рэп/Хип-хоп,Самара,Приволжский,406831,https://upload.wikimedia.org/wikipedia/commons/thumb/a/af/Big_Russian_Boss_%D0%BD%D0%B0_VK_Fest_2018.jpg/330px-Big_Russian_Boss_%D0%BD%D0%B0_VK_Fest_2018.jpg,Доброе Утро,https://music.yandex.ru/search?text=Big%20Russian%20Boss%20Доброе%20Утро,
Монеточка,2016,1,Женский,Инди,Екатеринбург,Уральский,400000,https://upload.wikimedia.org/wikipedia/commons/thumb/e/ee/%D0%9C%D0%BE%D0%BD%D0%B5%D1%82%D0%BE%D1%87%D0%BA%D0%B0_%28%D0%BA%D0%BE%D0%BD%D1%86%D0%B5%D1%80%D1%82_%D0%9C%D0%BE%D0%BD%D0%B5%D1%82%D0%BE%D1%87%D0%BA%D0%B8_%D0%B2_%D0%902%29_2019_%28cropped%29.jpg/330px-%D0%9C%D0%BE%D0%BD%D0%B5%D1%82%D0%BE%D1%87%D0%BA%D0%B0_%28%D0%BA%D0%BE%D0%BD%D1%86%D0%B5%D1%80%D1%82_%D0%9C%D0%BE%D0%BD%D0%B5%D1%82%D0%BE%D1%87%D0%BA%D0%B8_%D0%B2_%D0%902%29_2019_%28cropped%29.jpg,Каждый раз,https://music.yandex.ru/search?text=Монеточка%20Каждый%20раз,
Molchat Doma,2017,3,Мужской,Электроника,Минск,Беларусь,399485,https://upload.wikimedia.org/wikipedia/commons/thumb/3/3d/Molchat_Doma_at_Stereoleto_2020_04.jpg/330px-Molchat_Doma_at_Stereoleto_2020_04.jpg,Судно (Sudno),https://music.yandex.ru/album/9553251/track/61304857,
Иван Купала,1999,4,Смешанный,Фолк,Санкт-Петербург,Северо-Западный,388028,https://upload.wikimedia.org/wikipedia/commons/thumb/a/a7/Ivan-Kupala_%28band%29.jpg/330px-Ivan-Kupala_%28band%29.jpg,Кострома,https://music.yandex.ru/album/1453510/track/4340960,
Эпидемия,1998,5,Мужской,Метал,Москва,Центральный,381428,https://upload.wikimedia.org/wikipedia/commons/thumb/2/25/%D0%AD%D0%BF%D0%B8%D0%B4%D0%B5%D0%BC%D0%B8%D1%8F_%D0%B2_%D0%92%D0%BE%D1%80%D0%BE%D0%BD%D0%B5%D0%B6%D0%B5.jpg/330px-%D0%AD%D0%BF%D0%B8%D0%B4%D0%B5%D0%BC%D0%B8%D1%8F_%D0%B2_%D0%92%D0%BE%D1%80%D0%BE%D0%BD%D0%B5%D0%B6%D0%B5.jpg,Пройди свой путь,https://music.yandex.ru/album/4772961/track/37610820,
Комсомольск,2017,4,Смешанный,Инди,Москва,Центральный,368190,https://upload.wikimedia.org/wikipedia/commons/thumb/e/e6/%D0%93%D1%80%D1%83%D0%BF%D0%BF%D0%B0_%D0%9A%D0%BE%D0%BC%D1%81%D0%BE%D0%BC%D0%BE%D0%BB%D1%8C%D1%81%D0%BA_%D0%98%D0%BD%D0%BE%D1%82%D0%B5%D0%BA%D0%B0_2019.jpg/330px-%D0%93%D1%80%D1%83%D0%BF%D0%BF%D0%B0_%D0%9A%D0%BE%D0%BC%D1%81%D0%BE%D0%BC%D0%BE%D0%BB%D1%8C%D1%81%D0%BA_%D0%98%D0%BD%D0%BE%D1%82%D0%B5%D0%BA%D0%B0_2019.jpg,Глаза (Прилипли),https://music.yandex.ru/search?text=Комсомольск%20Глаза%20Прилипли,
AMATORY,2003,5,Мужской,Метал,Санкт-Петербург,Северо-Западный,332055,https://upload.wikimedia.org/wikipedia/commons/thumb/4/4e/Atlas_Weekend-2017-07-02_amatory_02.jpg/330px-Atlas_Weekend-2017-07-02_amatory_02.jpg,Чёрно-белые дни,https://music.yandex.ru/search?text=Amatory%20Чёрно-белые%20дни,
Юрий Визбор,1952,1,Мужской,Авторская песня,Москва,Центральный,331764,https://upload.wikimedia.org/wikipedia/ru/thumb/3/37/%D0%92%D0%B8%D0%B7%D0%B1%D0%BE%D1%80%2C_%D0%AE%D1%80%D0%B8%D0%B9_%D0%98%D0%BE%D1%81%D0%B8%D1%84%D0%BE%D0%B2%D0%B8%D1%87.jpg/330px-%D0%92%D0%B8%D0%B7%D0%B1%D0%BE%D1%80%2C_%D0%AE%D1%80%D0%B8%D0%B9_%D0%98%D0%BE%D1%81%D0%B8%D1%84%D0%BE%D0%B2%D0%B8%D1%87.jpg,Милая моя,https://music.yandex.ru/search?text=%D0%AE%D1%80%D0%B8%D0%B9%20%D0%92%D0%B8%D0%B7%D0%B1%D0%BE%D1%80%20%D0%9C%D0%B8%D0%BB%D0%B0%D1%8F%20%D0%BC%D0%BE%D1%8F,
FACE,2015,1,Мужской,Рэп/Хип-хоп,Уфа,Приволжский,322712,https://upload.wikimedia.org/wikipedia/commons/thumb/f/f1/Face_tele-club_%28cropped%29.jpg/330px-Face_tele-club_%28cropped%29.jpg,Бургер,https://music.yandex.ru/search?text=Face%20Бургер,
Калинов Мост,1990,5,Мужской,Рок,Новосибирск,Сибирский,313730,https://upload.wikimedia.org/wikipedia/commons/thumb/5/50/%D0%9A%D0%B0%D0%BB%D0%B8%D0%BD%D0%BE%D0%B2_%D0%BC%D0%BE%D1%81%D1%82_1987.jpg/330px-%D0%9A%D0%B0%D0%BB%D0%B8%D0%BD%D0%BE%D0%B2_%D0%BC%D0%BE%D1%81%D1%82_1987.jpg,Родная,https://music.yandex.ru/search?text=Калинов%20Мост%20Родная,
Stigmata,2004,4,Мужской,Метал,Санкт-Петербург,Северо-Западный,285354,https://upload.wikimedia.org/wikipedia/ru/thumb/e/e6/Stigmata_%D0%9B%D0%BE%D0%B3%D0%BE%D1%82%D0%B8%D0%BF.png/330px-Stigmata_%D0%9B%D0%BE%D0%B3%D0%BE%D1%82%D0%B8%D0%BF.png,Сентябрь,https://music.yandex.ru/album/22870600/track/1704603,
План Ломоносова,2012,5,Мужской,Панк,Москва,Центральный,277495,https://upload.wikimedia.org/wikipedia/ru/thumb/9/9f/%D0%9F%D0%BB%D0%B0%D0%BD_%D0%9B%D0%BE%D0%BC%D0%BE%D0%BD%D0%BE%D1%81%D0%BE%D0%B2%D0%B0.jpg/330px-%D0%9F%D0%BB%D0%B0%D0%BD_%D0%9B%D0%BE%D0%BC%D0%BE%D0%BD%D0%BE%D1%81%D0%BE%D0%B2%D0%B0.jpg,#ялюбовь,https://music.yandex.ru/search?text=План%20Ломоносова%20%23ялюбовь,
НАИВ,1989,4,Мужской,Панк,Москва,Центральный,249306,https://upload.wikimedia.org/wikipedia/commons/thumb/3/32/%D0%93%D1%80%D1%83%D0%BF%D0%BF%D0%B0_%D0%9D%D0%90%D0%98%D0%92_1.jpg/330px-%D0%93%D1%80%D1%83%D0%BF%D0%BF%D0%B0_%D0%9D%D0%90%D0%98%D0%92_1.jpg,20 лет одиночества,https://music.yandex.ru/search?text=%D0%9D%D0%90%D0%98%D0%92%2020%20%D0%BB%D0%B5%D1%82%20%D0%BE%D0%B4%D0%B8%D0%BD%D0%BE%D1%87%D0%B5%D1%81%D1%82%D0%B2%D0%B0,
Стрелки,1997,7,Женский,Поп,Москва,Центральный,213720,https://upload.wikimedia.org/wikipedia/ru/thumb/a/a7/Strelki.jpeg/330px-Strelki.jpeg,Ты бросил меня,https://music.yandex.ru/album/4795591/track/37768597,
Борис Гребенщиков,1972,1,Мужской,Рок,Санкт-Петербург,Северо-Западный,194833,https://upload.wikimedia.org/wikipedia/commons/thumb/5/50/%D0%91%D0%BE%D1%80%D0%B8%D1%81_%D0%93%D1%80%D0%B5%D0%B1%D0%B5%D0%BD%D1%89%D0%B8%D0%BA%D0%BE%D0%B2_%2812-11-2023%29_%28cropped%29.png/330px-%D0%91%D0%BE%D1%80%D0%B8%D1%81_%D0%93%D1%80%D0%B5%D0%B1%D0%B5%D0%BD%D1%89%D0%B8%D0%BA%D0%BE%D0%B2_%2812-11-2023%29_%28cropped%29.png,Город золотой,https://music.yandex.ru/album/4648377/track/36843979,
Чёрный Обелиск,1987,4,Мужской,Метал,Москва,Центральный,191604,https://upload.wikimedia.org/wikipedia/ru/thumb/b/b8/%D0%A7%D1%91%D1%80%D0%BD%D1%8B%D0%B9_%D0%9E%D0%B1%D0%B5%D0%BB%D0%B8%D1%81%D0%BA_%D0%9B%D0%BE%D0%B3%D0%BE.png/330px-%D0%A7%D1%91%D1%80%D0%BD%D1%8B%D0%B9_%D0%9E%D0%B1%D0%B5%D0%BB%D0%B8%D1%81%D0%BA_%D0%9B%D0%BE%D0%B3%D0%BE.png,Стена,https://music.yandex.ru/search?text=%D0%A7%D1%91%D1%80%D0%BD%D1%8B%D0%B9%20%D0%9E%D0%B1%D0%B5%D0%BB%D0%B8%D1%81%D0%BA%20%D0%A1%D1%82%D0%B5%D0%BD%D0%B0,
Кирпичи,1996,3,Мужской,Панк,Санкт-Петербург,Северо-Западный,184096,https://upload.wikimedia.org/wikipedia/ru/thumb/9/96/%D0%9A%D0%B8%D1%80%D0%BF%D0%B8%D1%87%D0%B8_01.jpg/330px-%D0%9A%D0%B8%D1%80%D0%BF%D0%B8%D1%87%D0%B8_01.jpg,Ира,https://music.yandex.ru/search?text=Кирпичи%20Ира,
Булат Окуджава,1968,1,Мужской,Авторская песня,Москва,Центральный,176796,https://upload.wikimedia.org/wikipedia/commons/thumb/c/c8/%D0%91%D1%83%D0%BB%D0%B0%D1%82_%D0%9E%D0%BA%D1%83%D0%B4%D0%B6%D0%B0%D0%B2%D0%B0.jpg/330px-%D0%91%D1%83%D0%BB%D0%B0%D1%82_%D0%9E%D0%BA%D1%83%D0%B4%D0%B6%D0%B0%D0%B2%D0%B0.jpg,"Ваше благородие, госпожа удача",https://music.yandex.ru/search?text=Булат%20Окуджава%20Ваше%20благородие%20госпожа%20удача,
Игорь Бутман,1993,1,Мужской,Джаз,Санкт-Петербург,Северо-Западный,167691,https://upload.wikimedia.org/wikipedia/commons/thumb/5/58/Igor_Butman%2C_June_2025_%28cropped%29.jpg/330px-Igor_Butman%2C_June_2025_%28cropped%29.jpg,Nostalgie,https://music.yandex.ru/search?text=Игорь%20Бутман%20Nostalgie,
Пасош,2014,3,Мужской,Инди,Москва,Центральный,140380,https://upload.wikimedia.org/wikipedia/commons/thumb/5/5f/Pasosh.jpg/330px-Pasosh.jpg,Россия,https://music.yandex.ru/album/3507703/track/29194085,
Янка Дягилева,1987,1,Женский,Панк,Новосибирск,Сибирский,129827,https://upload.wikimedia.org/wikipedia/ru/thumb/6/6c/%D0%AF%D0%BD%D0%BA%D0%B0_%D0%94%D1%8F%D0%B3%D0%B8%D0%BB%D0%B5%D0%B2%D0%B0.jpg/330px-%D0%AF%D0%BD%D0%BA%D0%B0_%D0%94%D1%8F%D0%B3%D0%B8%D0%BB%D0%B5%D0%B2%D0%B0.jpg,Гори-гори ясно!,https://music.yandex.ru/album/759493/track/7163704,
Обе Две,2011,4,Смешанный,Рэп/Хип-хоп,Екатеринбург,Уральский,127483,https://upload.wikimedia.org/wikipedia/commons/thumb/3/36/Photo_obe_dve-14.jpg/330px-Photo_obe_dve-14.jpg,Милый,https://music.yandex.ru/search?text=Обе%20Две%20Милый,
Отава Ё,2006,8,Смешанный,Фолк,Санкт-Петербург,Северо-Западный,126936,https://upload.wikimedia.org/wikipedia/commons/thumb/7/73/Otava_yo_logotip_2024.png/330px-Otava_yo_logotip_2024.png,Сумецкая,https://music.yandex.ru/search?text=Отава%20Ё%20Сумецкая,
Distemper,1991,7,Мужской,Панк,Москва,Центральный,126096,https://upload.wikimedia.org/wikipedia/commons/thumb/b/bb/Distemper_%E2%80%93_Wilwarin_Festival_2014_04.jpg/330px-Distemper_%E2%80%93_Wilwarin_Festival_2014_04.jpg,Ты настоящий лишь внутри,https://music.yandex.ru/search?text=Distemper%20Ты%20настоящий%20лишь%20внутри,
Slaughter to Prevail,2015,5,Мужской,Метал,Екатеринбург,Уральский,119655,https://upload.wikimedia.org/wikipedia/commons/thumb/1/1d/HF2024SlaughterToPrevail_3.jpg/330px-HF2024SlaughterToPrevail_3.jpg,Bratva,https://music.yandex.ru/search?text=Slaughter%20to%20Prevail%20Bratva,
Nina Kraviz,2009,1,Женский,Электроника,Иркутск,Сибирский,116860,https://upload.wikimedia.org/wikipedia/commons/thumb/8/88/Nina_Kraviz%2C_2012.jpg/330px-Nina_Kraviz%2C_2012.jpg,Ghetto Kraviz,https://music.yandex.ru/search?text=Nina%20Kraviz%20Ghetto%20Kraviz,
Алексей Козлов,1979,5,Мужской,Джаз,Москва,Центральный,109922,https://upload.wikimedia.org/wikipedia/commons/thumb/0/06/Kozlov_ShodydoNeba13.jpg/330px-Kozlov_ShodydoNeba13.jpg,Ностальгия,https://music.yandex.ru/search?text=Алексей%20Козлов%20Ностальгия,
Tesla Boy,2009,5,Мужской,Электроника,Москва,Центральный,106122,https://upload.wikimedia.org/wikipedia/commons/thumb/6/68/Tesla_Boy.jpg/330px-Tesla_Boy.jpg,Fantasy,https://music.yandex.ru/album/1132000/track/10451970,
Shortparis,2012,5,Мужской,Инди,Санкт-Петербург (истоки — Новокузнецк),Северо-Западный,102739,https://upload.wikimedia.org/wikipedia/commons/thumb/0/0d/16.11.2019_Shortparis.jpg/330px-16.11.2019_Shortparis.jpg,Страшно,https://music.yandex.ru/album/6274884/track/46515392,
Юрий Кукин,1965,1,Мужской,Авторская песня,Сясьстрой (Ленинградская область),Северо-Западный,95152,https://upload.wikimedia.org/wikipedia/commons/thumb/d/df/Yuri_Kukin.jpg/330px-Yuri_Kukin.jpg,За туманом,https://music.yandex.ru/search?text=Юрий%20Кукин%20За%20туманом,
Психея,1998,6,Мужской,Метал,Курган,Уральский,94467,https://upload.wikimedia.org/wikipedia/commons/thumb/d/d5/%D0%9F%D1%81%D0%B8%D1%85%D0%B5%D1%8F.jpg/330px-%D0%9F%D1%81%D0%B8%D1%85%D0%B5%D1%8F.jpg,Навсегда,https://music.yandex.ru/album/1932440/track/17499971,
OQJAV,2014,3,Мужской,Инди,Москва,Центральный,93966,https://upload.wikimedia.org/wikipedia/commons/thumb/5/5b/OQJAV_2016.jpg/330px-OQJAV_2016.jpg,Перед сексом,https://music.yandex.ru/album/1814060/track/33226125,
OLIGARKH,2013,3,Мужской,Электроника,Санкт-Петербург,Северо-Западный,90783,,Речка,https://music.yandex.ru/album/4206356/track/34235193,
Origami,2004,6,Мужской,Панк,Санкт-Петербург,Северо-Западный,83074,,Без лишних слов,https://music.yandex.ru/search?text=Origami%20Без%20лишних%20слов,
Alkonost,1997,5,Смешанный,Метал,Набережные Челны,Приволжский,79859,https://upload.wikimedia.org/wikipedia/commons/thumb/c/c2/Alkonost_2023.jpg/330px-Alkonost_2023.jpg,"Ветер, Вей!",https://music.yandex.ru/search?text=Alkonost%20%D0%92%D0%B5%D1%82%D0%B5%D1%80%2C%20%D0%92%D0%B5%D0%B9!,
Ногу свело!,1989,7,Смешанный,Рок,Москва,Центральный,77833,https://upload.wikimedia.org/wikipedia/commons/thumb/b/b7/%D0%9C%D0%B0%D0%BA%D1%81_%D0%9F%D0%BE%D0%BA%D1%80%D0%BE%D0%B2%D1%81%D0%BA%D0%B8%D0%B9_%D0%B2_%D0%BA%D0%BB%D1%83%D0%B1%D0%B5_%D0%912%2C_29_%D0%B8%D1%8E%D0%BB%D1%8F_2011.jpg/330px-%D0%9C%D0%B0%D0%BA%D1%81_%D0%9F%D0%BE%D0%BA%D1%80%D0%BE%D0%B2%D1%81%D0%BA%D0%B8%D0%B9_%D0%B2_%D0%BA%D0%BB%D1%83%D0%B1%D0%B5_%D0%912%2C_29_%D0%B8%D1%8E%D0%BB%D1%8F_2011.jpg,Хару Мамбуру,https://music.yandex.ru/search?text=Ногу%20свело%20Хару%20Мамбуру,
5'nizza,2000,2,Мужской,Рэп/Хип-хоп,Харьков,Украина,71311,https://upload.wikimedia.org/wikipedia/commons/thumb/1/1b/5%27nizza_2021_-_%D0%A4%D0%BE%D1%82%D0%BE_%D0%B4%D0%BB%D1%8F_%D0%B0%D1%84%D0%B8%D1%88%D0%B8.jpg/330px-5%27nizza_2021_-_%D0%A4%D0%BE%D1%82%D0%BE_%D0%B4%D0%BB%D1%8F_%D0%B0%D1%84%D0%B8%D1%88%D0%B8.jpg,Солдат,https://music.yandex.ru/search?text=5'nizza%20Солдат,
Тролль Гнёт Ель,2003,5,Смешанный,Фолк,Санкт-Петербург,Северо-Западный,68532,https://upload.wikimedia.org/wikipedia/commons/thumb/4/46/%D0%A2%D1%80%D0%BE%D0%BB%D0%BB%D1%8C_%D0%B3%D0%BD%D1%91%D1%82_%D0%B5%D0%BB%D1%8C.jpg/330px-%D0%A2%D1%80%D0%BE%D0%BB%D0%BB%D1%8C_%D0%B3%D0%BD%D1%91%D1%82_%D0%B5%D0%BB%D1%8C.jpg,Сердце тролля,https://music.yandex.ru/search?text=Тролль%20Гнёт%20Ель%20Сердце%20тролля,
Пурген,1992,4,Мужской,Панк,Москва,Центральный,63996,,Алазавр,https://music.yandex.ru/search?text=Пурген%20Алазавр,
Мастер,1987,4,Мужской,Метал,Москва,Центральный,55209,https://upload.wikimedia.org/wikipedia/commons/thumb/b/b4/%D0%92%D1%8B%D1%81%D1%82%D1%83%D0%BF%D0%BB%D0%B5%D0%BD%D0%B8%D0%B5_%D0%B3%D1%80%D1%83%D0%BF%D0%BF%D1%8B_%22%D0%9C%D0%B0%D1%81%D1%82%D0%B5%D1%80%22_%D0%BD%D0%B0_DMC_Fest._2011_%D0%B3%D0%BE%D0%B4.jpg/330px-%D0%92%D1%8B%D1%81%D1%82%D1%83%D0%BF%D0%BB%D0%B5%D0%BD%D0%B8%D0%B5_%D0%B3%D1%80%D1%83%D0%BF%D0%BF%D1%8B_%22%D0%9C%D0%B0%D1%81%D1%82%D0%B5%D1%80%22_%D0%BD%D0%B0_DMC_Fest._2011_%D0%B3%D0%BE%D0%B4.jpg,Щит и меч,https://music.yandex.ru/search?text=%D0%9C%D0%B0%D1%81%D1%82%D0%B5%D1%80%20%D0%A9%D0%B8%D1%82%20%D0%B8%20%D0%BC%D0%B5%D1%87,
Kedr Livanskiy,2014,1,Женский,Инди,Москва,Центральный,53874,https://upload.wikimedia.org/wikipedia/commons/thumb/5/52/Kedr_Livanskiy_%40_Union%2C_St_Petersburg%2C_Russia%2C_07.07.2017_%2835505776200%29.jpg/330px-Kedr_Livanskiy_%40_Union%2C_St_Petersburg%2C_Russia%2C_07.07.2017_%2835505776200%29.jpg,Otvechai za slova (Keep Your Word),https://music.yandex.ru/search?text=Kedr%20Livanskiy%20Otvechai%20za%20slova,
Александр Городницкий,1977,1,Мужской,Авторская песня,Санкт-Петербург,Северо-Западный,48598,https://upload.wikimedia.org/wikipedia/commons/thumb/3/35/Alexander_Gorodnicky.jpg/330px-Alexander_Gorodnicky.jpg,Атланты,https://music.yandex.ru/search?text=Александр%20Городницкий%20Атланты,
ARTY,2009,1,Мужской,Электроника,Энгельс,Приволжский,45991,https://upload.wikimedia.org/wikipedia/commons/thumb/a/ae/Arty_%28musician%29.jpg/330px-Arty_%28musician%29.jpg,Together We Are (feat. Chris James),https://music.yandex.ru/search?text=ARTY%20Together%20We%20Are,
Human Tetris,2009,3,Смешанный,Инди,Москва,Центральный,35883,,Things I Don't Need,https://music.yandex.ru/search?text=Human%20Tetris%20Things%20I%20Don't%20Need,
Billy's Band,2001,3,Мужской,Джаз,Санкт-Петербург,Северо-Западный,33975,https://upload.wikimedia.org/wikipedia/commons/thumb/9/98/Billy%27s_Band_-_all1.jpg/330px-Billy%27s_Band_-_all1.jpg,Оторвёмся по-питерски,https://music.yandex.ru/search?text=Billy%27s%20Band%20Оторвёмся%20по-питерски,
Александр Галич,1968,1,Мужской,Авторская песня,Днепропетровск (Екатеринослав),Украина,15470,https://upload.wikimedia.org/wikipedia/commons/thumb/e/e1/Galich_concert.jpg/330px-Galich_concert.jpg,Облака,https://music.yandex.ru/search?text=Александр%20Галич%20Облака,
Вероника Долина,1986,1,Женский,Авторская песня,Москва,Центральный,15303,https://upload.wikimedia.org/wikipedia/commons/thumb/4/4a/%D0%92%D0%B5%D1%80%D0%BE%D0%BD%D0%B8%D0%BA%D0%B0_%D0%94%D0%BE%D0%BB%D0%B8%D0%BD%D0%B0.JPG/330px-%D0%92%D0%B5%D1%80%D0%BE%D0%BD%D0%B8%D0%BA%D0%B0_%D0%94%D0%BE%D0%BB%D0%B8%D0%BD%D0%B0.JPG,Мой дом летает,https://music.yandex.ru/search?text=Вероника%20Долина%20Мой%20дом%20летает,
Центр,1980,3,Мужской,Рок,Москва,Центральный,14764,https://upload.wikimedia.org/wikipedia/commons/thumb/1/1e/Vasily_Shumov_live_2006-11-17_Moscow.jpg/330px-Vasily_Shumov_live_2006-11-17_Moscow.jpg,Мой район,https://music.yandex.ru/search?text=Центр%20Мой%20район,
Grima,2015,4,Мужской,Метал,Красноярск,Сибирский,11648,https://upload.wikimedia.org/wikipedia/commons/thumb/b/b1/Grima_Dark_Troll_2025_01.jpg/330px-Grima_Dark_Troll_2025_01.jpg,Skull Gatherers,https://music.yandex.ru/search?text=Grima%20Skull%20Gatherers,
Jinjer,2012,4,Смешанный,Метал,Горловка (Донецкая область),Украина,11258,https://upload.wikimedia.org/wikipedia/commons/thumb/2/2c/Jinjer_-_Wacken_Open_Air_2023_12.jpg/330px-Jinjer_-_Wacken_Open_Air_2023_12.jpg,Pisces,https://music.yandex.ru/search?text=Jinjer%20Pisces,
Butterfly Temple,1998,6,Смешанный,Фолк,Москва,Центральный,6316,https://upload.wikimedia.org/wikipedia/ru/7/7d/Butterfly_Temple_logo.jpg,Веды весны,https://music.yandex.ru/search?text=Butterfly%20Temple%20Веды%20весны,
Московский джазовый оркестр,2003,19,Мужской,Джаз,Москва,Центральный,5454,,Eternal Triangle,https://music.yandex.ru/search?text=Московский%20джазовый%20оркестр%20Eternal%20Triangle,
Объект Насмешек,1986,4,Мужской,Панк,Санкт-Петербург,Северо-Западный,1764,https://upload.wikimedia.org/wikipedia/ru/thumb/1/18/%D0%9E%D0%B1%D1%8A%D0%B5%D0%BA%D1%82_%D0%9D%D0%B0%D1%81%D0%BC%D0%B5%D1%88%D0%B5%D0%BA.jpg/330px-%D0%9E%D0%B1%D1%8A%D0%B5%D0%BA%D1%82_%D0%9D%D0%B0%D1%81%D0%BC%D0%B5%D1%88%D0%B5%D0%BA.jpg,Жизнь настоящих ковбоев,https://music.yandex.ru/search?text=%D0%9E%D0%B1%D1%8A%D0%B5%D0%BA%D1%82%20%D0%9D%D0%B0%D1%81%D0%BC%D0%B5%D1%88%D0%B5%D0%BA%20%D0%96%D0%B8%D0%B7%D0%BD%D1%8C%20%D0%BD%D0%B0%D1%81%D1%82%D0%BE%D1%8F%D1%89%D0%B8%D1%85%20%D0%BA%D0%BE%D0%B2%D0%B1%D0%BE%D0%B5%D0%B2,
Padla Bear Outfit,2009,4,Смешанный,Инди,Санкт-Петербург,Северо-Западный,1343,https://upload.wikimedia.org/wikipedia/commons/thumb/9/95/SonicDeath_Yerevan.jpg/330px-SonicDeath_Yerevan.jpg,Крол,https://music.yandex.ru/search?text=Padla%20Bear%20Outfit%20Крол,
Фантине,2011,1,Женский,Джаз,Москва,Центральный,757,https://upload.wikimedia.org/wikipedia/commons/thumb/a/a7/Fantine_performing_in_Sydney.jpg/330px-Fantine_performing_in_Sydney.jpg,Rubberroom,https://music.yandex.ru/search?text=%D0%A4%D0%B0%D0%BD%D1%82%D0%B8%D0%BD%D0%B5%20Rubberroom,
Даниил Крамер,1982,1,Мужской,Джаз,Харьков,Украина,160,https://upload.wikimedia.org/wikipedia/commons/thumb/c/c5/Daniel_Kramer.jpg/330px-Daniel_Kramer.jpg,Whisper Not,https://music.yandex.ru/search?text=Даниил%20Крамер%20Whisper%20Not,
sea5kg,2020,1,Мужской,Инди,Томск,Сибирский,20,,Mi Zoomka,https://music.yandex.ru/search?text=sea5kg%20Mi%20Zoomka,
Переплут,2011,8,Смешанный,Фолк,Томск,Сибирский,16,,Русалья,https://music.yandex.ru/search?text=Переплут%20Русалья,
